Starting time:1454184257680285,Ending time:1454184262675204,Sample count:997,14757395258967641292,-2,-8,-17,-9,-4,-14,-6,-3,-63
14757395258967641292,0,0,0,0,0,0,0,0,0
14757395258967641292,-3,-9,-53,-7,1,2,5,-7,-71
14757395258967641292,0,0,0,0,0,0,0,0,0
14757395258967641292,-2,-11,-54,-6,-2,-10,-7,12,-80
14757395258967641292,0,0,0,0,0,0,0,0,0
14757395258967641292,0,0,0,0,0,0,0,0,0
14757395258967641292,-2,-5,-55,-10,-4,-2,-2,-6,-86
14757395258967641292,0,0,0,0,0,0,0,0,0
14757395258967641292,0,0,0,0,0,0,0,0,0
14757395258967641292,0,0,0,0,0,0,0,0,0
14757395258967641292,-7,-6,33,-6,-9,-8,-7,-7,-17
14757395258967641292,-4,-18,-50,-4,4,-2,-3,-9,-86
14757395258967641292,0,0,0,0,0,0,0,0,0
14757395258967641292,5,7,37,6,-6,-5,-3,-3,38
14757395258967641292,0,0,0,0,0,0,0,0,0
14757395258967641292,0,-4,-55,-3,8,7,-4,-6,-57
14757395258967641292,0,0,0,0,0,0,0,0,0
14757395258967641292,0,0,0,0,0,0,0,0,0
14757395258967641292,-3,-2,-26,-11,-13,-6,-6,-4,-71
14757395258967641292,0,0,0,0,0,0,0,0,0
14757395258967641292,0,0,0,0,0,0,0,0,0
14757395258967641292,0,0,0,0,0,0,0,0,0
14757395258967641292,0,5,21,1,3,0,3,-4,29
14757395258967641292,0,0,0,0,0,0,0,0,0
14757395258967641292,0,0,0,0,0,0,0,0,0
14757395258967641292,-3,-21,-58,-14,-5,-5,2,1,-103
14757395258967641292,0,0,0,0,0,0,0,0,0
14757395258967641292,-3,-4,56,11,7,2,1,1,71
14757395258967641292,0,0,0,0,0,0,0,0,0
14757395258967641292,0,0,0,0,0,0,0,0,0
14757395258967641292,-4,-5,-8,-1,0,1,-2,16,-3
14757395258967641292,0,-4,3,-6,-5,-4,-1,-3,-20
14757395258967641292,0,0,0,0,0,0,0,0,0
14757395258967641292,0,0,0,0,0,0,0,0,0
14757395258967641292,2,19,12,-1,-6,2,-2,2,28
14757395258967641292,0,0,0,0,0,0,0,0,0
14757395258967641292,0,0,0,0,0,0,0,0,0
14757395258967641292,0,0,0,0,0,0,0,0,0
14757395258967641292,-1,8,-69,-7,1,4,-2,-8,-74
14757395258967641292,-1,-8,-5,-1,2,1,0,-4,-16
14757395258967641292,0,0,0,0,0,0,0,0,0
14757395258967641292,-1,-6,-30,-15,-16,-10,-4,-4,-86
14757395258967641292,0,0,0,0,0,0,0,0,0
14757395258967641292,-5,-21,35,6,0,4,-2,-1,16
14757395258967641292,0,0,0,0,0,0,0,0,0
14757395258967641292,0,0,0,0,0,0,0,0,0
14757395258967641292,-3,4,6,-6,-5,-6,-1,-1,-12
14757395258967641292,0,0,0,0,0,0,0,0,0
14757395258967641292,0,0,0,0,0,0,0,0,0
14757395258967641292,0,0,0,0,0,0,0,0,0
14757395258967641292,0,0,0,0,0,0,0,0,0
14757395258967641292,0,0,0,0,0,0,0,0,0
14757395258967641292,-1,0,5,-2,-3,-4,-4,0,-9
14757395258967641292,0,0,0,0,0,0,0,0,0
14757395258967641292,1,-5,13,-3,-2,-5,3,0,2
14757395258967641292,2,3,25,2,-2,-5,0,3,28
14757395258967641292,0,0,0,0,0,0,0,0,0
14757395258967641292,0,0,0,0,0,0,0,0,0
14757395258967641292,-2,-9,-61,1,8,-1,2,-2,-64
14757395258967641292,0,0,0,0,0,0,0,0,0
14757395258967641292,0,0,0,0,0,0,0,0,0
14757395258967641292,0,0,0,0,0,0,0,0,0
14757395258967641292,0,0,0,0,0,0,0,0,0
14757395258967641292,1,-2,-15,-4,-1,-4,3,1,-21
14757395258967641292,0,0,0,0,0,0,0,0,0
14757395258967641292,0,0,0,0,0,0,0,0,0
14757395258967641292,0,-1,11,4,12,11,5,0,42
14757395258967641292,-1,-10,-14,-6,-8,0,19,3,-17
14757395258967641292,0,0,0,0,0,0,0,0,0
14757395258967641292,0,0,0,0,0,0,0,0,0
14757395258967641292,1,20,31,0,-2,-3,-5,-2,40
14757395258967641292,0,0,0,0,0,0,0,0,0
14757395258967641292,0,0,0,0,0,0,0,0,0
14757395258967641292,0,0,0,0,0,0,0,0,0
14757395258967641292,0,0,0,0,0,0,0,0,0
14757395258967641292,-1,0,-6,10,15,1,-4,1,16
14757395258967641292,0,0,0,0,0,0,0,0,0
14757395258967641292,-2,-6,-2,-5,-2,-5,-10,-3,-35
14757395258967641292,0,0,0,0,0,0,0,0,0
14757395258967641292,-2,-14,8,0,-5,3,0,5,-5
14757395258967641292,0,0,0,0,0,0,0,0,0
14757395258967641292,0,0,0,0,0,0,0,0,0
14757395258967641292,-1,2,-2,-6,-10,-4,-3,-1,-25
14757395258967641292,0,0,0,0,0,0,0,0,0
14757395258967641292,0,0,0,0,0,0,0,0,0
14757395258967641292,0,0,0,0,0,0,0,0,0
14757395258967641292,0,0,0,0,0,0,0,0,0
14757395258967641292,0,-10,-9,4,7,3,-19,-7,-31
14757395258967641292,0,0,0,0,0,0,0,0,0
14757395258967641292,0,0,0,0,0,0,0,0,0
14757395258967641292,0,0,0,0,0,0,0,0,0
14757395258967641292,-2,4,18,-7,-10,-2,-3,-5,-7
14757395258967641292,0,0,0,0,0,0,0,0,0
14757395258967641292,0,0,0,0,0,0,0,0,0
14757395258967641292,-4,-11,-17,-6,-5,-8,-3,-4,-58
14757395258967641292,0,0,0,0,0,0,0,0,0
14757395258967641292,0,0,0,0,0,0,0,0,0
14757395258967641292,0,0,0,0,0,0,0,0,0
14757395258967641292,0,0,0,0,0,0,0,0,0
14757395258967641292,0,18,13,-3,-4,-2,4,-3,23
14757395258967641292,0,0,0,0,0,0,0,0,0
14757395258967641292,-1,-7,-21,-3,2,0,13,3,-14
14757395258967641292,0,0,0,0,0,0,0,0,0
14757395258967641292,1,-13,-12,-1,4,-1,-1,-1,-24
14757395258967641292,0,0,0,0,0,0,0,0,0
14757395258967641292,0,0,0,0,0,0,0,0,0
14757395258967641292,1,6,9,-1,2,-1,3,0,19
14757395258967641292,0,0,0,0,0,0,0,0,0
14757395258967641292,0,0,0,0,0,0,0,0,0
14757395258967641292,0,0,0,0,0,0,0,0,0
14757395258967641292,0,0,0,0,0,0,0,0,0
14757395258967641292,-2,9,-15,-1,-1,-7,-4,1,-20
14757395258967641292,0,0,0,0,0,0,0,0,0
14757395258967641292,1,-5,0,-6,-2,-2,-7,-1,-22
14757395258967641292,0,0,0,0,0,0,0,0,0
14757395258967641292,-2,-9,34,7,-1,3,0,-1,31
14757395258967641292,0,0,0,0,0,0,0,0,0
14757395258967641292,0,0,0,0,0,0,0,0,0
14757395258967641292,-2,-4,-36,-9,-9,0,1,-2,-61
14757395258967641292,0,0,0,0,0,0,0,0,0
14757395258967641292,0,0,0,0,0,0,0,0,0
14757395258967641292,0,0,0,0,0,0,0,0,0
14757395258967641292,0,0,0,0,0,0,0,0,0
14757395258967641292,0,-5,-8,10,19,11,3,0,30
14757395258967641292,0,0,0,0,0,0,0,0,0
14757395258967641292,-1,-3,-5,1,-4,-1,-1,1,-13
14757395258967641292,0,0,0,0,0,0,0,0,0
14757395258967641292,-1,6,36,2,-5,0,-2,-2,34
14757395258967641292,0,0,0,0,0,0,0,0,0
14757395258967641292,0,0,0,0,0,0,0,0,0
14757395258967641292,0,-16,-13,-1,-4,-2,-3,-2,-41
14757395258967641292,0,0,0,0,0,0,0,0,0
14757395258967641292,0,0,0,0,0,0,0,0,0
14757395258967641292,0,0,0,0,0,0,0,0,0
14757395258967641292,0,0,0,0,0,0,0,0,0
14757395258967641292,-1,9,-13,-3,-1,2,22,5,20
14757395258967641292,0,0,0,0,0,0,0,0,0
14757395258967641292,-2,-7,-2,1,-3,-5,-1,0,-19
14757395258967641292,0,0,0,0,0,0,0,0,0
14757395258967641292,-3,-13,-2,-2,-7,-8,-5,-2,-42
14757395258967641292,0,0,0,0,0,0,0,0,0
14757395258967641292,0,0,0,0,0,0,0,0,0
14757395258967641292,-1,-6,-7,-3,-7,-7,-13,-3,-47
14757395258967641292,0,0,0,0,0,0,0,0,0
14757395258967641292,0,0,0,0,0,0,0,0,0
14757395258967641292,0,0,0,0,0,0,0,0,0
14757395258967641292,0,-7,-8,-5,-4,-5,-4,-2,-35
14757395258967641292,0,-4,6,-3,3,-1,-2,-3,-4
14757395258967641292,0,0,0,0,0,0,0,0,0
14757395258967641292,3,-1,-8,3,5,-2,3,0,3
14757395258967641292,0,0,0,0,0,0,0,0,0
14757395258967641292,1,16,17,-4,0,-2,-12,-2,14
14757395258967641292,0,0,0,0,0,0,0,0,0
14757395258967641292,0,0,0,0,0,0,0,0,0
14757395258967641292,0,-9,-5,-3,0,7,1,1,-8
14757395258967641292,0,0,0,0,0,0,0,0,0
14757395258967641292,0,0,0,0,0,0,0,0,0
14757395258967641292,0,0,0,0,0,0,0,0,0
14757395258967641292,-1,0,-13,-7,-10,-5,-4,-4,-44
14757395258967641292,0,2,1,0,-7,-5,-3,-3,-15
14757395258967641292,0,0,0,0,0,0,0,0,0
14757395258967641292,-4,-11,-1,-1,1,3,2,-2,-13
14757395258967641292,0,0,0,0,0,0,0,0,0
14757395258967641292,-4,6,-12,-7,-3,4,2,0,-14
14757395258967641292,0,0,0,0,0,0,0,0,0
14757395258967641292,0,0,0,0,0,0,0,0,0
14757395258967641292,-1,-4,-8,-2,-4,-4,1,-2,-24
14757395258967641292,0,0,0,0,0,0,0,0,0
14757395258967641292,0,0,0,0,0,0,0,0,0
14757395258967641292,0,0,0,0,0,0,0,0,0
14757395258967641292,0,0,0,0,0,0,0,0,0
14757395258967641292,-1,3,14,3,3,0,3,0,25
14757395258967641292,0,0,0,0,0,0,0,0,0
14757395258967641292,-1,5,-5,-4,-12,-1,-2,-1,-21
14757395258967641292,0,0,0,0,0,0,0,0,0
14757395258967641292,-2,5,-1,5,7,-1,0,-1,12
14757395258967641292,0,0,0,0,0,0,0,0,0
14757395258967641292,0,0,0,0,0,0,0,0,0
14757395258967641292,1,4,10,4,-3,-1,0,0,15
14757395258967641292,0,0,0,0,0,0,0,0,0
14757395258967641292,0,0,0,0,0,0,0,0,0
14757395258967641292,0,0,0,0,0,0,0,0,0
14757395258967641292,0,0,0,0,0,0,0,0,0
14757395258967641292,0,3,-7,1,1,-1,-2,-2,-7
14757395258967641292,0,0,0,0,0,0,0,0,0
14757395258967641292,-4,-7,4,-6,-6,0,1,-2,-20
14757395258967641292,0,0,0,0,0,0,0,0,0
14757395258967641292,0,13,6,1,-7,-10,-1,0,2
14757395258967641292,0,0,0,0,0,0,0,0,0
14757395258967641292,0,0,0,0,0,0,0,0,0
14757395258967641292,0,-7,0,2,2,1,-2,-1,-5
14757395258967641292,0,0,0,0,0,0,0,0,0
14757395258967641292,0,0,0,0,0,0,0,0,0
14757395258967641292,0,0,0,0,0,0,0,0,0
14757395258967641292,0,0,0,0,0,0,0,0,0
14757395258967641292,3,10,0,0,-1,3,1,-1,15
14757395258967641292,0,0,0,0,0,0,0,0,0
14757395258967641292,-3,0,-13,-4,-4,-4,2,0,-26
14757395258967641292,0,0,0,0,0,0,0,0,0
14757395258967641292,0,1,-6,1,2,1,2,-1,0
14757395258967641292,0,0,0,0,0,0,0,0,0
14757395258967641292,0,0,0,0,0,0,0,0,0
14757395258967641292,-5,-16,-3,9,6,5,-1,0,-5
14757395258967641292,0,0,0,0,0,0,0,0,0
14757395258967641292,0,0,0,0,0,0,0,0,0
14757395258967641292,0,0,0,0,0,0,0,0,0
14757395258967641292,0,0,0,0,0,0,0,0,0
14757395258967641292,-1,-2,5,-8,-13,-5,-2,-2,-28
14757395258967641292,0,0,0,0,0,0,0,0,0
14757395258967641292,-1,-3,-3,5,10,-1,-1,-1,5
14757395258967641292,0,0,0,0,0,0,0,0,0
14757395258967641292,-1,10,-13,-8,-2,4,3,0,-7
14757395258967641292,0,0,0,0,0,0,0,0,0
14757395258967641292,0,0,0,0,0,0,0,0,0
14757395258967641292,0,0,0,0,0,0,0,0,0
14757395258967641292,0,0,0,0,0,0,0,0,0
14757395258967641292,-2,-13,3,-3,-4,-5,-2,-2,-28
14757395258967641292,0,0,0,0,0,0,0,0,0
14757395258967641292,0,0,0,0,0,0,0,0,0
14757395258967641292,1,-6,-4,-2,6,-1,-4,-1,-11
14757395258967641292,0,0,0,0,0,0,0,0,0
14757395258967641292,-1,-9,-3,-2,-7,-5,-13,-5,-45
14757395258967641292,0,0,0,0,0,0,0,0,0
14757395258967641292,-3,-7,1,-8,-8,-6,-4,0,-35
14757395258967641292,0,0,0,0,0,0,0,0,0
14757395258967641292,0,0,0,0,0,0,0,0,0
14757395258967641292,-1,-1,-6,3,3,-4,0,-3,-9
14757395258967641292,0,0,0,0,0,0,0,0,0
14757395258967641292,0,0,0,0,0,0,0,0,0
14757395258967641292,0,0,0,0,0,0,0,0,0
14757395258967641292,0,0,0,0,0,0,0,0,0
14757395258967641292,-2,-14,-13,-3,-3,-5,-1,-1,-42
14757395258967641292,0,0,0,0,0,0,0,0,0
14757395258967641292,0,0,0,0,0,0,0,0,0
14757395258967641292,0,0,0,0,0,0,0,0,0
14757395258967641292,1,5,-6,1,9,3,-3,0,10
14757395258967641292,0,0,0,0,0,0,0,0,0
14757395258967641292,0,0,0,0,0,0,0,0,0
14757395258967641292,-2,-1,-19,-5,-7,0,1,1,-32
14757395258967641292,0,0,0,0,0,0,0,0,0
14757395258967641292,0,0,0,0,0,0,0,0,0
14757395258967641292,0,0,0,0,0,0,0,0,0
14757395258967641292,0,0,0,0,0,0,0,0,0
14757395258967641292,1,-2,7,-1,2,2,2,1,12
14757395258967641292,0,0,0,0,0,0,0,0,0
14757395258967641292,0,0,0,0,0,0,0,0,0
14757395258967641292,0,0,0,0,0,0,0,0,0
14757395258967641292,-1,11,8,-3,-5,-4,-4,-3,-1
14757395258967641292,0,0,0,0,0,0,0,0,0
14757395258967641292,0,0,0,0,0,0,0,0,0
14757395258967641292,2,2,-6,1,-1,-1,-1,-1,-5
14757395258967641292,0,0,0,0,0,0,0,0,0
14757395258967641292,0,0,0,0,0,0,0,0,0
14757395258967641292,0,0,0,0,0,0,0,0,0
14757395258967641292,0,0,0,0,0,0,0,0,0
14757395258967641292,-1,-4,1,-6,-10,-1,0,0,-21
14757395258967641292,0,0,0,0,0,0,0,0,0
14757395258967641292,0,0,0,0,0,0,0,0,0
14757395258967641292,0,0,0,0,0,0,0,0,0
14757395258967641292,-2,-5,1,0,6,13,-1,-3,9
14757395258967641292,0,0,0,0,0,0,0,0,0
14757395258967641292,0,0,0,0,0,0,0,0,0
14757395258967641292,1,-5,-10,-3,-3,0,3,1,-16
14757395258967641292,0,1,-12,-6,-10,-7,-2,-3,-39
14757395258967641292,0,0,0,0,0,0,0,0,0
14757395258967641292,0,0,0,0,0,0,0,0,0
14757395258967641292,0,0,0,0,0,0,0,0,0
14757395258967641292,-3,-18,-2,3,1,-1,0,0,-20
14757395258967641292,0,0,0,0,0,0,0,0,0
14757395258967641292,0,0,0,0,0,0,0,0,0
14757395258967641292,0,0,0,0,0,0,0,0,0
14757395258967641292,-2,2,-4,3,5,4,-1,-1,6
14757395258967641292,0,0,0,0,0,0,0,0,0
14757395258967641292,0,0,0,0,0,0,0,0,0
14757395258967641292,-1,-7,-2,-4,0,8,-6,-3,-15
14757395258967641292,-1,7,8,-1,0,-6,2,-1,8
14757395258967641292,0,0,0,0,0,0,0,0,0
14757395258967641292,0,0,0,0,0,0,0,0,0
14757395258967641292,0,0,0,0,0,0,0,0,0
14757395258967641292,1,1,6,3,6,3,-6,-1,13
14757395258967641292,0,0,0,0,0,0,0,0,0
14757395258967641292,0,0,0,0,0,0,0,0,0
14757395258967641292,0,0,0,0,0,0,0,0,0
14757395258967641292,-1,2,4,-1,0,2,0,1,7
14757395258967641292,0,0,0,0,0,0,0,0,0
14757395258967641292,0,0,0,0,0,0,0,0,0
14757395258967641292,-1,-15,-6,6,1,-2,-5,-1,-23
14757395258967641292,-1,-1,7,-3,-9,-6,-3,-2,-18
14757395258967641292,0,0,0,0,0,0,0,0,0
14757395258967641292,0,0,0,0,0,0,0,0,0
14757395258967641292,0,0,0,0,0,0,0,0,0
14757395258967641292,-2,-3,4,-1,6,-3,1,-2,0
14757395258967641292,0,0,0,0,0,0,0,0,0
14757395258967641292,0,0,0,0,0,0,0,0,0
14757395258967641292,0,0,0,0,0,0,0,0,0
14757395258967641292,1,4,-5,2,3,0,1,0,6
14757395258967641292,0,0,0,0,0,0,0,0,0
14757395258967641292,0,0,0,0,0,0,0,0,0
14757395258967641292,-4,-12,-4,0,-3,4,0,-1,-20
14757395258967641292,-3,-21,-3,4,11,-4,0,-1,-17
14757395258967641292,0,0,0,0,0,0,0,0,0
14757395258967641292,0,0,0,0,0,0,0,0,0
14757395258967641292,0,0,0,0,0,0,0,0,0
14757395258967641292,0,4,1,0,-7,1,-3,0,-4
14757395258967641292,0,0,0,0,0,0,0,0,0
14757395258967641292,0,0,0,0,0,0,0,0,0
14757395258967641292,0,0,0,0,0,0,0,0,0
14757395258967641292,1,4,-1,1,2,1,7,1,16
14757395258967641292,0,0,0,0,0,0,0,0,0
14757395258967641292,0,0,0,0,0,0,0,0,0
14757395258967641292,1,-3,-9,-3,-2,-4,0,0,-20
14757395258967641292,-2,1,-4,-2,-13,-9,-4,-2,-35
14757395258967641292,0,0,0,0,0,0,0,0,0
14757395258967641292,0,0,0,0,0,0,0,0,0
14757395258967641292,0,0,0,0,0,0,0,0,0
14757395258967641292,1,-9,4,-7,-7,-2,-3,-1,-24
14757395258967641292,0,0,0,0,0,0,0,0,0
14757395258967641292,0,0,0,0,0,0,0,0,0
14757395258967641292,0,0,0,0,0,0,0,0,0
14757395258967641292,-3,1,-2,0,1,8,0,-1,4
14757395258967641292,0,0,0,0,0,0,0,0,0
14757395258967641292,0,0,0,0,0,0,0,0,0
14757395258967641292,-1,10,-1,-5,-5,-4,14,2,10
14757395258967641292,-1,-2,6,0,-5,-8,-3,-3,-16
14757395258967641292,0,0,0,0,0,0,0,0,0
14757395258967641292,0,0,0,0,0,0,0,0,0
14757395258967641292,0,0,0,0,0,0,0,0,0
14757395258967641292,-2,1,0,-1,-1,8,2,-1,6
14757395258967641292,0,0,0,0,0,0,0,0,0
14757395258967641292,0,0,0,0,0,0,0,0,0
14757395258967641292,0,0,0,0,0,0,0,0,0
14757395258967641292,-3,-17,0,0,8,-2,-6,-3,-23
14757395258967641292,0,0,0,0,0,0,0,0,0
14757395258967641292,0,0,0,0,0,0,0,0,0
14757395258967641292,1,-13,-2,-6,-5,-2,-4,0,-31
14757395258967641292,0,0,0,0,0,0,0,0,0
14757395258967641292,0,0,0,0,0,0,0,0,0
14757395258967641292,-1,0,-3,0,1,5,0,0,2
14757395258967641292,0,0,0,0,0,0,0,0,0
14757395258967641292,-1,7,1,0,-5,-11,1,-1,-9
14757395258967641292,0,0,0,0,0,0,0,0,0
14757395258967641292,0,0,0,0,0,0,0,0,0
14757395258967641292,0,0,0,0,0,0,0,0,0
14757395258967641292,-1,18,-6,-1,-7,-3,-2,0,-2
14757395258967641292,0,0,0,0,0,0,0,0,0
14757395258967641292,0,0,0,0,0,0,0,0,0
14757395258967641292,2,7,12,2,-1,2,-6,-2,16
14757395258967641292,0,0,0,0,0,0,0,0,0
14757395258967641292,-1,-8,-7,-8,-11,-9,-6,-2,-52
14757395258967641292,0,0,0,0,0,0,0,0,0
14757395258967641292,0,0,0,0,0,0,0,0,0
14757395258967641292,-2,-7,-1,-4,-4,2,-2,0,-18
14757395258967641292,0,0,0,0,0,0,0,0,0
14757395258967641292,0,0,0,0,0,0,0,0,0
14757395258967641292,0,0,0,0,0,0,0,0,0
14757395258967641292,3,4,-8,-12,-1,-6,1,-1,-20
14757395258967641292,0,0,0,0,0,0,0,0,0
14757395258967641292,0,0,0,0,0,0,0,0,0
14757395258967641292,3,13,1,7,4,-2,1,-2,25
14757395258967641292,0,0,0,0,0,0,0,0,0
14757395258967641292,-2,-14,-12,-1,-3,-8,-2,-1,-43
14757395258967641292,0,0,0,0,0,0,0,0,0
14757395258967641292,0,0,0,0,0,0,0,0,0
14757395258967641292,-5,-1,-8,-1,3,4,-1,-1,-10
14757395258967641292,0,0,0,0,0,0,0,0,0
14757395258967641292,0,0,0,0,0,0,0,0,0
14757395258967641292,0,0,0,0,0,0,0,0,0
14757395258967641292,-3,-9,-23,-2,3,0,-1,-2,-37
14757395258967641292,0,0,0,0,0,0,0,0,0
14757395258967641292,0,0,0,0,0,0,0,0,0
14757395258967641292,1,3,-13,-5,-10,-2,1,2,-23
14757395258967641292,0,0,0,0,0,0,0,0,0
14757395258967641292,1,14,16,-1,-6,-6,-3,-2,13
14757395258967641292,0,0,0,0,0,0,0,0,0
14757395258967641292,0,0,0,0,0,0,0,0,0
14757395258967641292,-1,6,7,0,0,3,-1,-1,13
14757395258967641292,0,0,0,0,0,0,0,0,0
14757395258967641292,0,0,0,0,0,0,0,0,0
14757395258967641292,0,0,0,0,0,0,0,0,0
14757395258967641292,-1,0,0,0,3,3,2,0,7
14757395258967641292,0,0,0,0,0,0,0,0,0
14757395258967641292,0,0,0,0,0,0,0,0,0
14757395258967641292,-6,-10,1,7,-1,-1,-3,12,-1
14757395258967641292,0,0,0,0,0,0,0,0,0
14757395258967641292,1,-4,-1,-3,-4,2,-3,6,-6
14757395258967641292,0,0,0,0,0,0,0,0,0
14757395258967641292,0,0,0,0,0,0,0,0,0
14757395258967641292,1,2,6,15,8,0,2,1,35
14757395258967641292,0,0,0,0,0,0,0,0,0
14757395258967641292,0,0,0,0,0,0,0,0,0
14757395258967641292,0,0,0,0,0,0,0,0,0
14757395258967641292,1,-1,-1,-3,-3,-2,-2,-6,-17
14757395258967641292,0,0,0,0,0,0,0,0,0
14757395258967641292,0,0,0,0,0,0,0,0,0
14757395258967641292,3,5,-10,-4,0,0,1,-2,-7
14757395258967641292,0,0,0,0,0,0,0,0,0
14757395258967641292,-4,3,26,2,2,4,1,1,35
14757395258967641292,0,0,0,0,0,0,0,0,0
14757395258967641292,0,0,0,0,0,0,0,0,0
14757395258967641292,-2,-12,1,3,4,3,0,-3,-6
14757395258967641292,0,0,0,0,0,0,0,0,0
14757395258967641292,0,0,0,0,0,0,0,0,0
14757395258967641292,0,0,0,0,0,0,0,0,0
14757395258967641292,0,4,-16,-3,-1,2,1,-1,-14
14757395258967641292,0,0,0,0,0,0,0,0,0
14757395258967641292,0,0,0,0,0,0,0,0,0
14757395258967641292,0,-3,8,-4,-4,-2,6,0,1
14757395258967641292,0,0,0,0,0,0,0,0,0
14757395258967641292,-2,3,6,6,1,-6,0,-1,7
14757395258967641292,0,0,0,0,0,0,0,0,0
14757395258967641292,1,12,9,3,10,4,-2,-1,36
14757395258967641292,0,0,0,0,0,0,0,0,0
14757395258967641292,1,0,1,-6,-2,0,-2,0,-8
14757395258967641292,0,0,0,0,0,0,0,0,0
14757395258967641292,0,0,0,0,0,0,0,0,0
14757395258967641292,-1,-4,-8,-1,0,-4,0,-2,-20
14757395258967641292,0,0,0,0,0,0,0,0,0
14757395258967641292,0,0,0,0,0,0,0,0,0
14757395258967641292,0,0,0,0,0,0,0,0,0
14757395258967641292,0,0,0,0,0,0,0,0,0
14757395258967641292,-4,-12,-1,-2,-2,-4,-1,-1,-27
14757395258967641292,0,0,0,0,0,0,0,0,0
14757395258967641292,0,0,0,0,0,0,0,0,0
14757395258967641292,1,15,5,3,-3,-1,-1,0,19
14757395258967641292,0,0,0,0,0,0,0,0,0
14757395258967641292,0,0,0,0,0,0,0,0,0
14757395258967641292,0,0,0,0,0,0,0,0,0
14757395258967641292,-2,3,1,-5,-15,-9,-6,-3,-36
14757395258967641292,0,24,2,-5,4,12,3,1,41
14757395258967641292,0,0,0,0,0,0,0,0,0
14757395258967641292,0,0,0,0,0,0,0,0,0
14757395258967641292,0,0,0,0,0,0,0,0,0
14757395258967641292,0,-6,2,0,-5,3,-2,0,-8
14757395258967641292,0,0,0,0,0,0,0,0,0
14757395258967641292,0,0,0,0,0,0,0,0,0
14757395258967641292,-2,-13,8,-2,-1,-2,-2,-1,-15
14757395258967641292,0,0,0,0,0,0,0,0,0
14757395258967641292,0,0,0,0,0,0,0,0,0
14757395258967641292,0,0,0,0,0,0,0,0,0
14757395258967641292,0,0,7,4,-1,-1,-3,-3,3
14757395258967641292,0,0,0,0,0,0,0,0,0
14757395258967641292,0,0,0,0,0,0,0,0,0
14757395258967641292,0,0,0,0,0,0,0,0,0
14757395258967641292,0,0,0,0,0,0,0,0,0
14757395258967641292,0,-11,-11,-3,-8,-6,-2,1,-40
14757395258967641292,0,0,0,0,0,0,0,0,0
14757395258967641292,1,4,5,1,-3,-3,-15,1,-9
14757395258967641292,0,0,0,0,0,0,0,0,0
14757395258967641292,-1,-14,-25,0,2,1,1,-2,-38
14757395258967641292,0,0,0,0,0,0,0,0,0
14757395258967641292,0,0,0,0,0,0,0,0,0
14757395258967641292,-1,6,4,-8,-7,-5,-3,0,-14
14757395258967641292,0,0,0,0,0,0,0,0,0
14757395258967641292,0,0,0,0,0,0,0,0,0
14757395258967641292,0,0,0,0,0,0,0,0,0
14757395258967641292,0,0,0,0,0,0,0,0,0
14757395258967641292,0,8,-3,-4,-3,-6,1,-3,-10
14757395258967641292,0,0,0,0,0,0,0,0,0
14757395258967641292,1,-3,7,-6,-10,-9,-1,0,-21
14757395258967641292,0,0,0,0,0,0,0,0,0
14757395258967641292,-3,-8,-2,2,5,4,-3,-1,-6
14757395258967641292,0,0,0,0,0,0,0,0,0
14757395258967641292,0,0,0,0,0,0,0,0,0
14757395258967641292,3,11,4,-5,2,1,-2,0,14
14757395258967641292,0,0,0,0,0,0,0,0,0
14757395258967641292,0,0,0,0,0,0,0,0,0
14757395258967641292,0,0,0,0,0,0,0,0,0
14757395258967641292,0,0,0,0,0,0,0,0,0
14757395258967641292,0,0,0,0,0,0,0,0,0
14757395258967641292,-3,-3,-4,-3,-10,-7,-2,-3,-35
14757395258967641292,3,11,-4,-2,5,7,0,1,21
14757395258967641292,0,0,0,0,0,0,0,0,0
14757395258967641292,-1,8,2,1,-2,-1,4,1,12
14757395258967641292,0,0,0,0,0,0,0,0,0
14757395258967641292,0,0,0,0,0,0,0,0,0
14757395258967641292,-1,0,10,-2,-1,-3,-1,-3,-1
14757395258967641292,0,0,0,0,0,0,0,0,0
14757395258967641292,0,0,0,0,0,0,0,0,0
14757395258967641292,0,0,0,0,0,0,0,0,0
14757395258967641292,0,0,0,0,0,0,0,0,0
14757395258967641292,-2,5,-8,-3,-10,-6,-5,-2,-31
14757395258967641292,0,0,0,0,0,0,0,0,0
14757395258967641292,1,0,-4,7,11,9,-1,0,23
14757395258967641292,0,0,0,0,0,0,0,0,0
14757395258967641292,2,-6,3,0,1,1,-1,0,0
14757395258967641292,0,0,0,0,0,0,0,0,0
14757395258967641292,0,0,0,0,0,0,0,0,0
14757395258967641292,0,3,2,1,3,7,1,-1,16
14757395258967641292,0,0,0,0,0,0,0,0,0
14757395258967641292,0,0,0,0,0,0,0,0,0
14757395258967641292,0,0,0,0,0,0,0,0,0
14757395258967641292,0,0,0,0,0,0,0,0,0
14757395258967641292,0,-3,-1,-3,-2,-2,-1,0,-12
14757395258967641292,0,0,0,0,0,0,0,0,0
14757395258967641292,0,0,0,0,0,0,0,0,0
14757395258967641292,0,0,0,0,0,0,0,0,0
14757395258967641292,-1,-20,-15,-2,-5,-5,-1,-2,-51
14757395258967641292,0,0,0,0,0,0,0,0,0
14757395258967641292,0,0,0,0,0,0,0,0,0
14757395258967641292,2,-14,4,3,6,7,3,0,11
14757395258967641292,0,0,0,0,0,0,0,0,0
14757395258967641292,0,0,0,0,0,0,0,0,0
14757395258967641292,0,0,0,0,0,0,0,0,0
14757395258967641292,0,0,0,0,0,0,0,0,0
14757395258967641292,-2,3,0,1,2,0,0,1,5
14757395258967641292,0,0,0,0,0,0,0,0,0
14757395258967641292,1,4,-5,-5,-1,0,-2,-1,-9
14757395258967641292,0,0,0,0,0,0,0,0,0
14757395258967641292,-1,-1,-2,0,9,2,0,-2,5
14757395258967641292,0,0,0,0,0,0,0,0,0
14757395258967641292,0,0,0,0,0,0,0,0,0
14757395258967641292,-2,-1,17,7,-4,-2,-2,1,14
14757395258967641292,0,0,0,0,0,0,0,0,0
14757395258967641292,0,0,0,0,0,0,0,0,0
14757395258967641292,0,0,0,0,0,0,0,0,0
14757395258967641292,0,0,0,0,0,0,0,0,0
14757395258967641292,0,6,-1,-8,-9,-4,0,-2,-18
14757395258967641292,0,0,0,0,0,0,0,0,0
14757395258967641292,-1,7,-2,-6,-9,-1,-2,-1,-15
14757395258967641292,0,0,0,0,0,0,0,0,0
14757395258967641292,-1,-1,-10,-1,4,-6,-1,1,-15
14757395258967641292,0,0,0,0,0,0,0,0,0
14757395258967641292,0,0,0,0,0,0,0,0,0
14757395258967641292,0,-1,-3,-5,-8,-10,-4,-1,-32
14757395258967641292,0,0,0,0,0,0,0,0,0
14757395258967641292,0,0,0,0,0,0,0,0,0
14757395258967641292,0,0,0,0,0,0,0,0,0
14757395258967641292,0,0,0,0,0,0,0,0,0
14757395258967641292,-1,2,-9,-7,-4,-2,-4,-3,-28
14757395258967641292,0,0,0,0,0,0,0,0,0
14757395258967641292,0,0,0,0,0,0,0,0,0
14757395258967641292,0,0,0,0,0,0,0,0,0
14757395258967641292,-2,1,-9,1,3,12,0,-1,5
14757395258967641292,0,0,0,0,0,0,0,0,0
14757395258967641292,0,0,0,0,0,0,0,0,0
14757395258967641292,-6,-27,0,3,6,5,1,-1,-19
14757395258967641292,0,0,0,0,0,0,0,0,0
14757395258967641292,0,0,0,0,0,0,0,0,0
14757395258967641292,0,0,0,0,0,0,0,0,0
14757395258967641292,0,0,0,0,0,0,0,0,0
14757395258967641292,0,10,8,-3,-7,-7,-1,-1,-1
14757395258967641292,0,0,0,0,0,0,0,0,0
14757395258967641292,1,0,9,1,-3,-2,-1,0,5
14757395258967641292,0,0,0,0,0,0,0,0,0
14757395258967641292,-2,1,2,-6,2,-2,0,-2,-7
14757395258967641292,0,0,0,0,0,0,0,0,0
14757395258967641292,0,0,0,0,0,0,0,0,0
14757395258967641292,-2,-3,-9,-1,1,8,-1,-2,-9
14757395258967641292,0,0,0,0,0,0,0,0,0
14757395258967641292,0,0,0,0,0,0,0,0,0
14757395258967641292,0,0,0,0,0,0,0,0,0
14757395258967641292,0,0,0,0,0,0,0,0,0
14757395258967641292,1,-3,5,5,-1,-9,-2,0,-4
14757395258967641292,0,0,0,0,0,0,0,0,0
14757395258967641292,-1,-4,4,0,-1,2,-1,1,0
14757395258967641292,0,0,0,0,0,0,0,0,0
14757395258967641292,-1,-8,-24,-3,2,-1,0,1,-34
14757395258967641292,0,0,0,0,0,0,0,0,0
14757395258967641292,0,0,0,0,0,0,0,0,0
14757395258967641292,-1,11,-12,-1,-2,-2,0,-1,-8
14757395258967641292,0,0,0,0,0,0,0,0,0
14757395258967641292,0,0,0,0,0,0,0,0,0
14757395258967641292,0,0,0,0,0,0,0,0,0
14757395258967641292,0,0,0,0,0,0,0,0,0
14757395258967641292,1,-2,25,6,3,4,-2,1,36
14757395258967641292,0,0,0,0,0,0,0,0,0
14757395258967641292,-3,-2,-9,0,6,1,0,-1,-8
14757395258967641292,0,0,0,0,0,0,0,0,0
14757395258967641292,-3,-35,-1,0,1,-11,-3,-3,-55
14757395258967641292,0,0,0,0,0,0,0,0,0
14757395258967641292,0,0,0,0,0,0,0,0,0
14757395258967641292,0,13,-3,-3,-3,3,0,-1,6
14757395258967641292,0,0,0,0,0,0,0,0,0
14757395258967641292,0,0,0,0,0,0,0,0,0
14757395258967641292,0,0,0,0,0,0,0,0,0
14757395258967641292,0,0,0,0,0,0,0,0,0
14757395258967641292,0,1,14,0,-6,-4,-1,0,4
14757395258967641292,0,0,0,0,0,0,0,0,0
14757395258967641292,2,9,1,-7,-9,-2,-1,-2,-9
14757395258967641292,0,0,0,0,0,0,0,0,0
14757395258967641292,-2,7,-2,3,8,3,0,-2,15
14757395258967641292,0,0,0,0,0,0,0,0,0
14757395258967641292,0,0,0,0,0,0,0,0,0
14757395258967641292,0,3,-4,3,5,3,-1,0,9
14757395258967641292,-2,8,0,-1,-7,-13,-1,-1,-17
14757395258967641292,0,0,0,0,0,0,0,0,0
14757395258967641292,0,0,0,0,0,0,0,0,0
14757395258967641292,0,0,0,0,0,0,0,0,0
14757395258967641292,0,2,-7,-3,-6,-5,-1,-1,-21
14757395258967641292,0,0,0,0,0,0,0,0,0
14757395258967641292,0,0,0,0,0,0,0,0,0
14757395258967641292,0,0,0,0,0,0,0,0,0
14757395258967641292,0,10,6,-2,3,2,-1,0,18
14757395258967641292,0,0,0,0,0,0,0,0,0
14757395258967641292,0,0,0,0,0,0,0,0,0
14757395258967641292,1,-8,-5,-2,-1,0,0,-1,-16
14757395258967641292,0,0,0,0,0,0,0,0,0
14757395258967641292,0,0,0,0,0,0,0,0,0
14757395258967641292,0,0,0,0,0,0,0,0,0
14757395258967641292,0,0,0,0,0,0,0,0,0
14757395258967641292,-1,11,-2,-2,-4,1,2,0,5
14757395258967641292,0,0,0,0,0,0,0,0,0
14757395258967641292,0,0,0,0,0,0,0,0,0
14757395258967641292,0,0,0,0,0,0,0,0,0
14757395258967641292,0,-6,-1,1,-3,0,-2,1,-10
14757395258967641292,0,0,0,0,0,0,0,0,0
14757395258967641292,0,0,0,0,0,0,0,0,0
14757395258967641292,-2,8,1,4,-1,1,-3,-2,6
14757395258967641292,0,0,0,0,0,0,0,0,0
14757395258967641292,0,0,0,0,0,0,0,0,0
14757395258967641292,0,0,0,0,0,0,0,0,0
14757395258967641292,0,0,0,0,0,0,0,0,0
14757395258967641292,-2,-15,4,3,9,4,1,0,4
14757395258967641292,0,0,0,0,0,0,0,0,0
14757395258967641292,0,0,0,0,0,0,0,0,0
14757395258967641292,0,0,0,0,0,0,0,0,0
14757395258967641292,-1,-2,-2,-3,-5,3,1,-1,-10
14757395258967641292,0,0,0,0,0,0,0,0,0
14757395258967641292,0,0,0,0,0,0,0,0,0
14757395258967641292,-1,20,-7,-4,-4,-8,-4,-2,-10
14757395258967641292,0,0,0,0,0,0,0,0,0
14757395258967641292,0,0,0,0,0,0,0,0,0
14757395258967641292,0,0,0,0,0,0,0,0,0
14757395258967641292,0,0,0,0,0,0,0,0,0
14757395258967641292,0,-9,-3,-3,-6,-1,0,0,-22
14757395258967641292,0,0,0,0,0,0,0,0,0
14757395258967641292,0,0,0,0,0,0,0,0,0
14757395258967641292,0,0,0,0,0,0,0,0,0
14757395258967641292,-2,-7,-21,-5,5,7,2,1,-20
14757395258967641292,0,0,0,0,0,0,0,0,0
14757395258967641292,0,0,0,0,0,0,0,0,0
14757395258967641292,-1,29,-4,-5,-8,-7,-3,-3,-2
14757395258967641292,-2,-9,10,-2,-10,-7,-2,-3,-25
14757395258967641292,0,0,0,0,0,0,0,0,0
14757395258967641292,0,0,0,0,0,0,0,0,0
14757395258967641292,0,0,0,0,0,0,0,0,0
14757395258967641292,2,9,-2,6,10,1,-2,-2,22
14757395258967641292,0,0,0,0,0,0,0,0,0
14757395258967641292,0,0,0,0,0,0,0,0,0
14757395258967641292,0,0,0,0,0,0,0,0,0
14757395258967641292,-2,-1,-2,-4,-6,-2,-2,-1,-20
14757395258967641292,0,0,0,0,0,0,0,0,0
14757395258967641292,0,0,0,0,0,0,0,0,0
14757395258967641292,-1,-2,1,-5,-12,-4,-1,-1,-25
14757395258967641292,-1,-5,-4,2,10,1,-2,-2,-1
14757395258967641292,0,0,0,0,0,0,0,0,0
14757395258967641292,0,0,0,0,0,0,0,0,0
14757395258967641292,0,0,0,0,0,0,0,0,0
14757395258967641292,-1,-3,7,-1,0,0,-3,-1,-2
14757395258967641292,0,0,0,0,0,0,0,0,0
14757395258967641292,0,0,0,0,0,0,0,0,0
14757395258967641292,0,0,0,0,0,0,0,0,0
14757395258967641292,2,3,-1,1,9,8,1,1,24
14757395258967641292,0,0,0,0,0,0,0,0,0
14757395258967641292,0,0,0,0,0,0,0,0,0
14757395258967641292,-6,-6,-8,1,0,-6,-3,-1,-29
14757395258967641292,-2,5,6,-5,-11,-5,-2,-2,-16
14757395258967641292,0,0,0,0,0,0,0,0,0
14757395258967641292,0,0,0,0,0,0,0,0,0
14757395258967641292,0,0,0,0,0,0,0,0,0
14757395258967641292,-3,-14,-13,-7,-3,-1,-1,-2,-44
14757395258967641292,0,0,0,0,0,0,0,0,0
14757395258967641292,0,0,0,0,0,0,0,0,0
14757395258967641292,0,0,0,0,0,0,0,0,0
14757395258967641292,-1,4,-3,-8,-9,-1,1,-1,-18
14757395258967641292,0,0,0,0,0,0,0,0,0
14757395258967641292,0,0,0,0,0,0,0,0,0
14757395258967641292,-2,-2,-2,0,4,0,-2,0,-4
14757395258967641292,-4,-11,-17,-6,0,9,-3,0,-32
14757395258967641292,0,0,0,0,0,0,0,0,0
14757395258967641292,0,0,0,0,0,0,0,0,0
14757395258967641292,0,0,0,0,0,0,0,0,0
14757395258967641292,0,-4,2,7,0,-2,2,-1,4
14757395258967641292,0,0,0,0,0,0,0,0,0
14757395258967641292,0,0,0,0,0,0,0,0,0
14757395258967641292,0,0,0,0,0,0,0,0,0
14757395258967641292,-3,4,-1,-7,-7,-9,-1,-1,-25
14757395258967641292,0,0,0,0,0,0,0,0,0
14757395258967641292,0,0,0,0,0,0,0,0,0
14757395258967641292,-2,-1,3,-4,-10,-8,-3,-3,-28
14757395258967641292,1,0,2,12,10,3,-3,-2,23
14757395258967641292,0,0,0,0,0,0,0,0,0
14757395258967641292,0,0,0,0,0,0,0,0,0
14757395258967641292,0,0,0,0,0,0,0,0,0
14757395258967641292,0,0,0,0,0,0,0,0,0
14757395258967641292,-1,2,-1,-2,-7,-13,-2,-2,-26
14757395258967641292,0,0,0,0,0,0,0,0,0
14757395258967641292,0,0,0,0,0,0,0,0,0
14757395258967641292,3,5,8,-1,1,0,-1,0,15
14757395258967641292,0,0,0,0,0,0,0,0,0
14757395258967641292,0,0,0,0,0,0,0,0,0
14757395258967641292,0,1,2,-3,-5,-5,-1,-1,-12
14757395258967641292,0,-7,6,3,2,-3,-1,1,1
14757395258967641292,0,0,0,0,0,0,0,0,0
14757395258967641292,0,0,0,0,0,0,0,0,0
14757395258967641292,0,0,0,0,0,0,0,0,0
14757395258967641292,0,12,-3,6,7,10,2,0,34
14757395258967641292,0,0,0,0,0,0,0,0,0
14757395258967641292,0,0,0,0,0,0,0,0,0
14757395258967641292,0,0,0,0,0,0,0,0,0
14757395258967641292,-1,-5,5,-5,-10,-13,-3,-1,-33
14757395258967641292,0,0,0,0,0,0,0,0,0
14757395258967641292,0,0,0,0,0,0,0,0,0
14757395258967641292,-1,-8,-5,5,8,5,1,1,6
14757395258967641292,0,0,0,0,0,0,0,0,0
14757395258967641292,-1,3,-1,-1,-5,-3,-2,-1,-11
14757395258967641292,0,0,0,0,0,0,0,0,0
14757395258967641292,0,0,0,0,0,0,0,0,0
14757395258967641292,1,2,0,4,15,3,3,-2,26
14757395258967641292,0,0,0,0,0,0,0,0,0
14757395258967641292,0,0,0,0,0,0,0,0,0
14757395258967641292,0,0,0,0,0,0,0,0,0
14757395258967641292,-2,-10,1,-9,-15,-5,-2,-3,-45
14757395258967641292,0,0,0,0,0,0,0,0,0
14757395258967641292,0,0,0,0,0,0,0,0,0
14757395258967641292,2,4,2,6,6,0,1,-3,18
14757395258967641292,0,0,0,0,0,0,0,0,0
14757395258967641292,0,0,0,0,0,0,0,0,0
14757395258967641292,-1,-18,-13,-5,-5,-3,-3,0,-48
14757395258967641292,0,0,0,0,0,0,0,0,0
14757395258967641292,-1,4,5,5,4,4,1,0,22
14757395258967641292,0,0,0,0,0,0,0,0,0
14757395258967641292,0,0,0,0,0,0,0,0,0
14757395258967641292,0,0,0,0,0,0,0,0,0
14757395258967641292,0,0,0,0,0,0,0,0,0
14757395258967641292,0,0,0,0,0,0,0,0,0
14757395258967641292,-2,-2,1,4,-3,2,-1,1,0
14757395258967641292,-2,0,2,5,-3,-6,-2,0,-6
14757395258967641292,0,0,0,0,0,0,0,0,0
14757395258967641292,-3,-5,-5,-7,-7,-5,1,-2,-33
14757395258967641292,0,0,0,0,0,0,0,0,0
14757395258967641292,0,0,0,0,0,0,0,0,0
14757395258967641292,0,7,15,4,-6,3,2,0,25
14757395258967641292,0,0,0,0,0,0,0,0,0
14757395258967641292,0,0,0,0,0,0,0,0,0
14757395258967641292,0,0,0,0,0,0,0,0,0
14757395258967641292,-1,-2,-5,-9,-4,-4,-2,-2,-29
14757395258967641292,0,0,0,0,0,0,0,0,0
14757395258967641292,0,0,0,0,0,0,0,0,0
14757395258967641292,1,12,6,4,7,0,1,-2,29
14757395258967641292,0,0,0,0,0,0,0,0,0
14757395258967641292,0,-1,-6,-1,1,0,-2,-1,-10
14757395258967641292,0,0,0,0,0,0,0,0,0
14757395258967641292,0,0,0,0,0,0,0,0,0
14757395258967641292,-1,10,5,-3,-13,-4,-2,-4,-12
14757395258967641292,0,0,0,0,0,0,0,0,0
14757395258967641292,0,0,0,0,0,0,0,0,0
14757395258967641292,0,0,0,0,0,0,0,0,0
14757395258967641292,-3,-6,-14,-3,3,-9,-1,-1,-34
14757395258967641292,0,0,0,0,0,0,0,0,0
14757395258967641292,0,0,0,0,0,0,0,0,0
14757395258967641292,1,-1,8,7,11,6,2,0,34
14757395258967641292,0,0,0,0,0,0,0,0,0
14757395258967641292,1,-1,-4,-7,-1,4,-3,-1,-12
14757395258967641292,0,0,0,0,0,0,0,0,0
14757395258967641292,0,0,0,0,0,0,0,0,0
14757395258967641292,1,3,1,4,5,-2,0,1,13
14757395258967641292,0,0,0,0,0,0,0,0,0
14757395258967641292,0,0,0,0,0,0,0,0,0
14757395258967641292,0,0,0,0,0,0,0,0,0
14757395258967641292,0,-8,-2,-1,1,-2,-2,-2,-16
14757395258967641292,0,0,0,0,0,0,0,0,0
14757395258967641292,0,0,0,0,0,0,0,0,0
14757395258967641292,3,0,2,2,-2,-8,-2,1,-4
14757395258967641292,0,0,0,0,0,0,0,0,0
14757395258967641292,0,10,0,1,-5,-2,0,0,4
14757395258967641292,0,0,0,0,0,0,0,0,0
14757395258967641292,0,0,0,0,0,0,0,0,0
14757395258967641292,-1,-4,7,-5,-7,-3,0,-1,-14
14757395258967641292,0,0,0,0,0,0,0,0,0
14757395258967641292,0,0,0,0,0,0,0,0,0
14757395258967641292,0,0,0,0,0,0,0,0,0
14757395258967641292,-3,1,-11,-6,-5,4,-2,-2,-24
14757395258967641292,0,0,0,0,0,0,0,0,0
14757395258967641292,0,0,0,0,0,0,0,0,0
14757395258967641292,-3,1,-13,-3,5,4,-3,-3,-15
14757395258967641292,0,0,0,0,0,0,0,0,0
14757395258967641292,2,1,-16,-6,-5,-2,-2,-1,-29
14757395258967641292,0,0,0,0,0,0,0,0,0
14757395258967641292,0,0,0,0,0,0,0,0,0
14757395258967641292,0,-2,-1,0,3,0,0,-1,-1
14757395258967641292,0,0,0,0,0,0,0,0,0
14757395258967641292,0,0,0,0,0,0,0,0,0
14757395258967641292,0,0,0,0,0,0,0,0,0
14757395258967641292,-3,-1,-2,0,-5,-3,-2,-1,-17
14757395258967641292,0,0,0,0,0,0,0,0,0
14757395258967641292,0,0,0,0,0,0,0,0,0
14757395258967641292,0,3,-2,-6,-5,-3,-1,0,-14
14757395258967641292,0,0,0,0,0,0,0,0,0
14757395258967641292,-2,0,2,4,6,0,-3,1,8
14757395258967641292,0,0,0,0,0,0,0,0,0
14757395258967641292,0,0,0,0,0,0,0,0,0
14757395258967641292,-1,-4,8,5,3,0,-1,-2,8
14757395258967641292,0,0,0,0,0,0,0,0,0
14757395258967641292,0,0,0,0,0,0,0,0,0
14757395258967641292,0,0,0,0,0,0,0,0,0
14757395258967641292,-3,-12,-13,-11,0,8,-2,-1,-34
14757395258967641292,0,0,0,0,0,0,0,0,0
14757395258967641292,0,0,0,0,0,0,0,0,0
14757395258967641292,0,0,0,0,0,0,0,0,0
14757395258967641292,1,-2,-4,5,1,2,2,1,6
14757395258967641292,0,0,0,0,0,0,0,0,0
14757395258967641292,0,-3,0,4,-2,-3,1,-2,-5
14757395258967641292,0,0,0,0,0,0,0,0,0
14757395258967641292,-1,2,3,1,-9,-1,0,-1,-6
14757395258967641292,0,0,0,0,0,0,0,0,0
14757395258967641292,0,0,0,0,0,0,0,0,0
14757395258967641292,0,0,0,0,0,0,0,0,0
14757395258967641292,1,22,-5,-2,0,-5,-3,-1,7
14757395258967641292,0,0,0,0,0,0,0,0,0
14757395258967641292,0,0,0,0,0,0,0,0,0
14757395258967641292,0,0,0,0,0,0,0,0,0
14757395258967641292,0,0,0,0,0,0,0,0,0
14757395258967641292,1,-10,-10,3,8,7,2,1,2
14757395258967641292,0,0,0,0,0,0,0,0,0
14757395258967641292,0,0,0,0,0,0,0,0,0
14757395258967641292,-2,-14,2,2,2,-4,-3,-1,-18
14757395258967641292,0,14,10,2,4,-5,0,0,25
14757395258967641292,0,0,0,0,0,0,0,0,0
14757395258967641292,0,0,0,0,0,0,0,0,0
14757395258967641292,-2,-4,-7,0,4,0,-1,-1,-11
14757395258967641292,0,0,0,0,0,0,0,0,0
14757395258967641292,0,0,0,0,0,0,0,0,0
14757395258967641292,0,0,0,0,0,0,0,0,0
14757395258967641292,0,0,0,0,0,0,0,0,0
14757395258967641292,-3,-16,10,-3,7,3,2,-1,-1
14757395258967641292,0,0,0,0,0,0,0,0,0
14757395258967641292,0,0,0,0,0,0,0,0,0
14757395258967641292,-1,-1,-8,-7,-8,-10,-3,0,-38
14757395258967641292,0,-1,7,2,7,7,2,-1,23
14757395258967641292,0,0,0,0,0,0,0,0,0
14757395258967641292,0,0,0,0,0,0,0,0,0
14757395258967641292,-1,14,1,-4,-6,-2,-5,-2,-5
14757395258967641292,0,0,0,0,0,0,0,0,0
14757395258967641292,0,0,0,0,0,0,0,0,0
14757395258967641292,0,0,0,0,0,0,0,0,0
14757395258967641292,0,0,0,0,0,0,0,0,0
14757395258967641292,-2,-11,0,2,0,0,-2,-1,-14
14757395258967641292,0,0,0,0,0,0,0,0,0
14757395258967641292,0,0,0,0,0,0,0,0,0
14757395258967641292,-1,-7,-16,-13,-11,-5,-2,-1,-56
14757395258967641292,1,4,7,5,7,-3,-1,-2,18
14757395258967641292,0,0,0,0,0,0,0,0,0
14757395258967641292,0,0,0,0,0,0,0,0,0
14757395258967641292,-4,-13,-1,2,-6,-5,-4,-2,-33
14757395258967641292,0,0,0,0,0,0,0,0,0
14757395258967641292,0,0,0,0,0,0,0,0,0
14757395258967641292,0,0,0,0,0,0,0,0,0
14757395258967641292,0,0,0,0,0,0,0,0,0
14757395258967641292,-2,0,2,-4,-5,-4,1,0,-12
14757395258967641292,0,0,0,0,0,0,0,0,0
14757395258967641292,1,12,-21,0,1,-2,1,0,-8
14757395258967641292,0,0,0,0,0,0,0,0,0
14757395258967641292,-2,-13,-10,-3,0,-4,1,0,-31
14757395258967641292,0,0,0,0,0,0,0,0,0
14757395258967641292,0,0,0,0,0,0,0,0,0
14757395258967641292,-2,-5,-14,-2,3,-5,-2,-1,-28
14757395258967641292,0,0,0,0,0,0,0,0,0
14757395258967641292,0,0,0,0,0,0,0,0,0
14757395258967641292,0,0,0,0,0,0,0,0,0
14757395258967641292,0,0,0,0,0,0,0,0,0
14757395258967641292,-3,-8,-9,3,-6,-4,-1,-2,-30
14757395258967641292,0,0,0,0,0,0,0,0,0
14757395258967641292,-3,-10,0,-1,2,-2,-1,-3,-18
14757395258967641292,0,0,0,0,0,0,0,0,0
14757395258967641292,3,5,-1,-5,-5,0,-1,2,-2
14757395258967641292,0,0,0,0,0,0,0,0,0
14757395258967641292,0,0,0,0,0,0,0,0,0
14757395258967641292,-3,-3,-6,-7,-8,2,-2,0,-27
14757395258967641292,0,0,0,0,0,0,0,0,0
14757395258967641292,0,0,0,0,0,0,0,0,0
14757395258967641292,0,0,0,0,0,0,0,0,0
14757395258967641292,0,0,0,0,0,0,0,0,0
14757395258967641292,0,5,3,0,-6,-5,-2,-1,-6
14757395258967641292,0,0,0,0,0,0,0,0,0
14757395258967641292,-2,6,-5,-5,-4,7,-2,-1,-6
14757395258967641292,0,0,0,0,0,0,0,0,0
14757395258967641292,-1,-2,10,-5,0,2,-1,-1,2
14757395258967641292,0,0,0,0,0,0,0,0,0
14757395258967641292,0,0,0,0,0,0,0,0,0
14757395258967641292,2,-2,5,-2,6,-3,0,0,6
14757395258967641292,0,0,0,0,0,0,0,0,0
14757395258967641292,0,0,0,0,0,0,0,0,0
14757395258967641292,0,0,0,0,0,0,0,0,0
14757395258967641292,0,0,0,0,0,0,0,0,0
14757395258967641292,-1,0,-10,4,1,2,-2,-2,-8
14757395258967641292,0,0,0,0,0,0,0,0,0
14757395258967641292,2,-3,3,0,-2,-2,0,0,-2
14757395258967641292,0,0,0,0,0,0,0,0,0
14757395258967641292,-2,8,6,1,3,-2,2,-1,15
14757395258967641292,0,0,0,0,0,0,0,0,0
14757395258967641292,0,0,0,0,0,0,0,0,0
14757395258967641292,0,1,-10,0,0,1,1,-1,-8
14757395258967641292,0,0,0,0,0,0,0,0,0
14757395258967641292,0,0,0,0,0,0,0,0,0
14757395258967641292,0,0,0,0,0,0,0,0,0
14757395258967641292,0,0,0,0,0,0,0,0,0
14757395258967641292,-1,13,-2,2,7,0,2,0,21
14757395258967641292,0,0,0,0,0,0,0,0,0
14757395258967641292,-1,-5,1,-5,-9,-1,-2,-1,-23
14757395258967641292,0,0,0,0,0,0,0,0,0
14757395258967641292,1,-6,6,-2,-10,-4,-2,-1,-18
14757395258967641292,0,0,0,0,0,0,0,0,0
14757395258967641292,0,0,0,0,0,0,0,0,0
14757395258967641292,0,3,3,2,-2,-6,-4,-1,-5
14757395258967641292,0,0,0,0,0,0,0,0,0
14757395258967641292,0,0,0,0,0,0,0,0,0
14757395258967641292,0,0,0,0,0,0,0,0,0
14757395258967641292,0,0,0,0,0,0,0,0,0
14757395258967641292,-2,0,-1,-2,-2,-3,-3,0,-13
14757395258967641292,0,0,0,0,0,0,0,0,0
14757395258967641292,1,9,21,0,-5,3,-3,-2,24
14757395258967641292,0,0,0,0,0,0,0,0,0
14757395258967641292,1,3,-1,0,4,2,1,-2,8
14757395258967641292,0,0,0,0,0,0,0,0,0
14757395258967641292,0,0,0,0,0,0,0,0,0
14757395258967641292,0,14,0,1,6,4,-1,-2,22
14757395258967641292,0,0,0,0,0,0,0,0,0
14757395258967641292,0,0,0,0,0,0,0,0,0
14757395258967641292,0,0,0,0,0,0,0,0,0
14757395258967641292,0,0,0,0,0,0,0,0,0
14757395258967641292,-1,-13,1,0,2,-10,-3,-2,-26
14757395258967641292,0,0,0,0,0,0,0,0,0
14757395258967641292,0,-1,7,2,1,2,0,-1,10
14757395258967641292,0,0,0,0,0,0,0,0,0
14757395258967641292,0,-2,8,0,-10,2,0,1,-1
14757395258967641292,0,0,0,0,0,0,0,0,0
14757395258967641292,0,0,0,0,0,0,0,0,0
14757395258967641292,-2,3,-11,-3,0,-3,-2,-3,-21
14757395258967641292,-1,-3,-1,5,2,-3,-2,0,-3
14757395258967641292,0,0,0,0,0,0,0,0,0
14757395258967641292,0,0,0,0,0,0,0,0,0
14757395258967641292,0,0,0,0,0,0,0,0,0
14757395258967641292,-1,-2,3,-5,0,-1,-2,0,-8
14757395258967641292,0,0,0,0,0,0,0,0,0
14757395258967641292,-1,5,-16,-3,-4,-7,3,0,-23
14757395258967641292,0,0,0,0,0,0,0,0,0
14757395258967641292,-4,-9,2,-5,-2,9,0,-1,-10
14757395258967641292,0,0,0,0,0,0,0,0,0
14757395258967641292,0,0,0,0,0,0,0,0,0
14757395258967641292,1,8,3,2,1,3,-4,-1,13
14757395258967641292,-3,-6,-15,-8,-5,-2,-1,-3,-43
14757395258967641292,0,0,0,0,0,0,0,0,0
14757395258967641292,0,0,0,0,0,0,0,0,0
14757395258967641292,0,0,0,0,0,0,0,0,0
14757395258967641292,1,14,4,0,0,3,0,-1,21
14757395258967641292,0,0,0,0,0,0,0,0,0
14757395258967641292,1,3,10,5,9,5,1,0,34
14757395258967641292,0,0,0,0,0,0,0,0,0
14757395258967641292,-1,10,-9,-2,-6,-5,-3,-1,-17
14757395258967641292,0,0,0,0,0,0,0,0,0
14757395258967641292,0,0,0,0,0,0,0,0,0
14757395258967641292,3,8,-1,3,-8,-1,0,1,5
14757395258967641292,0,0,0,0,0,0,0,0,0
14757395258967641292,0,0,0,0,0,0,0,0,0
14757395258967641292,0,0,0,0,0,0,0,0,0
14757395258967641292,0,0,0,0,0,0,0,0,0
14757395258967641292,-1,-9,-3,-4,-2,3,-1,-3,-20
14757395258967641292,0,0,0,0,0,0,0,0,0
14757395258967641292,-2,-9,-2,-2,-8,-7,-1,0,-31
14757395258967641292,0,0,0,0,0,0,0,0,0
14757395258967641292,-4,-15,-5,-1,4,4,-2,-1,-20
14757395258967641292,0,0,0,0,0,0,0,0,0
14757395258967641292,0,0,0,0,0,0,0,0,0
14757395258967641292,-1,-11,2,-4,-2,-7,-2,-1,-26
14757395258967641292,0,0,0,0,0,0,0,0,0
14757395258967641292,0,0,0,0,0,0,0,0,0
14757395258967641292,0,0,0,0,0,0,0,0,0
14757395258967641292,0,0,0,0,0,0,0,0,0
14757395258967641292,0,-7,-1,4,4,-2,2,-1,-1
14757395258967641292,0,0,0,0,0,0,0,0,0
14757395258967641292,0,0,0,0,0,0,0,0,0
14757395258967641292,0,0,0,0,0,0,0,0,0
14757395258967641292,-1,-2,-2,2,5,6,-3,-1,4
14757395258967641292,0,0,0,0,0,0,0,0,0
14757395258967641292,0,0,0,0,0,0,0,0,0
14757395258967641292,1,12,-3,-6,-8,-2,1,0,-5
14757395258967641292,0,0,0,0,0,0,0,0,0
14757395258967641292,0,0,0,0,0,0,0,0,0
14757395258967641292,0,0,0,0,0,0,0,0,0
14757395258967641292,0,0,0,0,0,0,0,0,0
14757395258967641292,-1,-7,3,-1,-8,-3,-1,-1,-19
14757395258967641292,0,0,0,0,0,0,0,0,0
14757395258967641292,0,0,0,0,0,0,0,0,0
14757395258967641292,0,0,0,0,0,0,0,0,0
14757395258967641292,-2,-1,3,1,-2,-3,-2,0,-6
14757395258967641292,0,0,0,0,0,0,0,0,0
14757395258967641292,0,0,0,0,0,0,0,0,0
14757395258967641292,-5,-30,-4,0,3,-2,0,-3,-41
14757395258967641292,0,0,0,0,0,0,0,0,0
14757395258967641292,0,0,0,0,0,0,0,0,0
14757395258967641292,0,0,0,0,0,0,0,0,0
14757395258967641292,0,0,0,0,0,0,0,0,0
14757395258967641292,1,1,1,-4,1,4,3,0,7
14757395258967641292,0,0,0,0,0,0,0,0,0
14757395258967641292,0,0,0,0,0,0,0,0,0
14757395258967641292,0,0,0,0,0,0,0,0,0
14757395258967641292,-1,0,1,-6,-7,-7,-4,-1,-25
14757395258967641292,0,0,0,0,0,0,0,0,0
Starting time:1454184267264965,Ending time:1454184272258064,Sample count:997,14757395258967641292,2,14,-1,-2,5,-3,-3,-2,10
14757395258967641292,0,0,0,0,0,0,0,0,0
14757395258967641292,-1,3,2,-1,5,1,0,-2,7
14757395258967641292,0,0,0,0,0,0,0,0,0
14757395258967641292,0,-3,-1,5,2,-2,-2,0,-1
14757395258967641292,0,0,0,0,0,0,0,0,0
14757395258967641292,0,0,0,0,0,0,0,0,0
14757395258967641292,-1,-4,9,5,7,8,3,0,27
14757395258967641292,0,0,0,0,0,0,0,0,0
14757395258967641292,0,0,0,0,0,0,0,0,0
14757395258967641292,0,0,0,0,0,0,0,0,0
14757395258967641292,1,-3,3,1,0,-3,0,-1,-2
14757395258967641292,1,-3,-7,-6,-6,-8,0,-1,-30
14757395258967641292,0,0,0,0,0,0,0,0,0
14757395258967641292,0,0,0,0,0,0,0,0,0
14757395258967641292,0,0,0,0,0,0,0,0,0
14757395258967641292,1,1,8,-1,4,10,2,0,25
14757395258967641292,0,0,0,0,0,0,0,0,0
14757395258967641292,0,0,0,0,0,0,0,0,0
14757395258967641292,-2,-2,-2,-3,-7,-3,-1,-1,-21
14757395258967641292,0,0,0,0,0,0,0,0,0
14757395258967641292,0,0,0,0,0,0,0,0,0
14757395258967641292,0,0,0,0,0,0,0,0,0
14757395258967641292,-3,-3,-2,-4,-7,-16,-3,-3,-41
14757395258967641292,0,0,0,0,0,0,0,0,0
14757395258967641292,0,0,0,0,0,0,0,0,0
14757395258967641292,0,0,0,0,0,0,0,0,0
14757395258967641292,0,0,0,0,0,0,0,0,0
14757395258967641292,-2,-2,-3,-4,-7,-6,0,-2,-26
14757395258967641292,0,0,0,0,0,0,0,0,0
14757395258967641292,-2,-2,-1,0,0,-2,-3,-3,-13
14757395258967641292,0,0,0,0,0,0,0,0,0
14757395258967641292,0,-3,-6,-5,-3,0,-3,0,-20
14757395258967641292,0,0,0,0,0,0,0,0,0
14757395258967641292,0,0,0,0,0,0,0,0,0
14757395258967641292,-3,0,18,0,-8,-3,-4,-2,-2
14757395258967641292,0,0,0,0,0,0,0,0,0
14757395258967641292,0,0,0,0,0,0,0,0,0
14757395258967641292,0,0,0,0,0,0,0,0,0
14757395258967641292,0,0,0,0,0,0,0,0,0
14757395258967641292,-1,-5,-9,-5,-10,0,0,0,-30
14757395258967641292,0,0,0,0,0,0,0,0,0
14757395258967641292,0,0,0,0,0,0,0,0,0
14757395258967641292,0,4,-4,2,7,-2,-3,-1,3
14757395258967641292,0,0,0,0,0,0,0,0,0
14757395258967641292,0,0,0,0,0,0,0,0,0
14757395258967641292,0,0,0,0,0,0,0,0,0
14757395258967641292,-4,-6,-2,-4,-7,0,0,-3,-26
14757395258967641292,0,0,0,0,0,0,0,0,0
14757395258967641292,0,0,0,0,0,0,0,0,0
14757395258967641292,0,0,0,0,0,0,0,0,0
14757395258967641292,0,0,0,0,0,0,0,0,0
14757395258967641292,-1,-3,-13,-2,-1,-5,1,0,-24
14757395258967641292,0,0,0,0,0,0,0,0,0
14757395258967641292,2,3,23,3,-6,-4,0,2,23
14757395258967641292,0,0,0,0,0,0,0,0,0
14757395258967641292,1,3,2,2,9,17,1,0,35
14757395258967641292,0,0,0,0,0,0,0,0,0
14757395258967641292,0,0,0,0,0,0,0,0,0
14757395258967641292,-2,-7,-15,-6,-10,-8,-4,-1,-53
14757395258967641292,-1,-4,-10,9,12,1,2,-1,8
14757395258967641292,0,0,0,0,0,0,0,0,0
14757395258967641292,0,0,0,0,0,0,0,0,0
14757395258967641292,0,0,0,0,0,0,0,0,0
14757395258967641292,-1,-2,2,-6,-9,-5,-3,0,-24
14757395258967641292,0,0,0,0,0,0,0,0,0
14757395258967641292,1,1,-18,0,6,0,0,-1,-11
14757395258967641292,0,0,0,0,0,0,0,0,0
14757395258967641292,-4,-5,5,-3,-3,-6,-3,-2,-21
14757395258967641292,0,0,0,0,0,0,0,0,0
14757395258967641292,0,0,0,0,0,0,0,0,0
14757395258967641292,0,6,0,-1,-3,-10,-3,-2,-13
14757395258967641292,0,0,0,0,0,0,0,0,0
14757395258967641292,0,0,0,0,0,0,0,0,0
14757395258967641292,0,0,0,0,0,0,0,0,0
14757395258967641292,0,0,0,0,0,0,0,0,0
14757395258967641292,-1,-3,-11,-1,-3,-2,-2,0,-23
14757395258967641292,0,0,0,0,0,0,0,0,0
14757395258967641292,-1,7,1,-4,-9,-1,-1,-2,-10
14757395258967641292,0,0,0,0,0,0,0,0,0
14757395258967641292,0,3,8,1,3,4,0,-1,18
14757395258967641292,0,0,0,0,0,0,0,0,0
14757395258967641292,0,0,0,0,0,0,0,0,0
14757395258967641292,1,0,-6,-2,-3,-6,-2,-2,-20
14757395258967641292,0,0,0,0,0,0,0,0,0
14757395258967641292,0,0,0,0,0,0,0,0,0
14757395258967641292,0,0,0,0,0,0,0,0,0
14757395258967641292,0,0,0,0,0,0,0,0,0
14757395258967641292,-1,-3,5,7,8,3,0,-1,18
14757395258967641292,0,0,0,0,0,0,0,0,0
14757395258967641292,0,0,0,0,0,0,0,0,0
14757395258967641292,-2,-5,-11,-4,-5,-7,-2,-1,-37
14757395258967641292,1,-2,-5,4,14,2,0,-2,12
14757395258967641292,0,0,0,0,0,0,0,0,0
14757395258967641292,0,0,0,0,0,0,0,0,0
14757395258967641292,-3,-7,-2,4,1,-1,-1,0,-9
14757395258967641292,0,-9,1,-5,-7,0,1,-1,-20
14757395258967641292,0,0,0,0,0,0,0,0,0
14757395258967641292,0,0,0,0,0,0,0,0,0
14757395258967641292,0,0,0,0,0,0,0,0,0
14757395258967641292,0,3,-3,4,12,3,0,-1,18
14757395258967641292,0,0,0,0,0,0,0,0,0
14757395258967641292,0,0,0,0,0,0,0,0,0
14757395258967641292,0,7,-3,-1,-5,-7,0,-2,-11
14757395258967641292,-3,3,0,-6,0,2,-2,-2,-8
14757395258967641292,0,0,0,0,0,0,0,0,0
14757395258967641292,0,0,0,0,0,0,0,0,0
14757395258967641292,-3,-8,-6,-4,-3,0,1,-1,-24
14757395258967641292,-3,-15,-9,-8,-21,-7,-2,0,-65
14757395258967641292,0,0,0,0,0,0,0,0,0
14757395258967641292,0,0,0,0,0,0,0,0,0
14757395258967641292,0,0,0,0,0,0,0,0,0
14757395258967641292,-2,-4,3,4,-2,-9,-1,-2,-13
14757395258967641292,0,0,0,0,0,0,0,0,0
14757395258967641292,1,-4,-1,3,5,1,-2,-1,2
14757395258967641292,0,0,0,0,0,0,0,0,0
14757395258967641292,1,7,-2,-7,-6,-4,-2,2,-11
14757395258967641292,0,0,0,0,0,0,0,0,0
14757395258967641292,0,0,0,0,0,0,0,0,0
14757395258967641292,-1,-6,-5,-11,-11,-4,-2,-1,-41
14757395258967641292,0,0,0,0,0,0,0,0,0
14757395258967641292,0,0,0,0,0,0,0,0,0
14757395258967641292,0,0,0,0,0,0,0,0,0
14757395258967641292,0,0,0,0,0,0,0,0,0
14757395258967641292,-1,1,-3,2,-10,-10,-3,0,-24
14757395258967641292,0,0,0,0,0,0,0,0,0
14757395258967641292,3,5,-4,0,-4,4,1,2,7
14757395258967641292,0,0,0,0,0,0,0,0,0
14757395258967641292,2,29,-30,-6,-6,0,1,0,-10
14757395258967641292,0,0,0,0,0,0,0,0,0
14757395258967641292,0,0,0,0,0,0,0,0,0
14757395258967641292,-1,-13,9,-1,0,0,-1,0,-7
14757395258967641292,0,0,0,0,0,0,0,0,0
14757395258967641292,0,0,0,0,0,0,0,0,0
14757395258967641292,0,0,0,0,0,0,0,0,0
14757395258967641292,0,0,0,0,0,0,0,0,0
14757395258967641292,-1,7,6,0,1,2,1,-1,15
14757395258967641292,0,0,0,0,0,0,0,0,0
14757395258967641292,5,11,22,2,1,-4,0,2,39
14757395258967641292,0,0,0,0,0,0,0,0,0
14757395258967641292,9,-5,-10,-2,9,7,-15,-4,-11
14757395258967641292,0,0,0,0,0,0,0,0,0
14757395258967641292,0,0,0,0,0,0,0,0,0
14757395258967641292,10,-8,7,3,0,-1,-1,0,10
14757395258967641292,0,0,0,0,0,0,0,0,0
14757395258967641292,0,0,0,0,0,0,0,0,0
14757395258967641292,0,0,0,0,0,0,0,0,0
14757395258967641292,0,0,0,0,0,0,0,0,0
14757395258967641292,-8,3,6,3,1,-2,-43,0,-40
14757395258967641292,0,0,0,0,0,0,0,0,0
14757395258967641292,-13,-42,-11,-5,-14,-23,-37,-32,-177
14757395258967641292,0,0,0,0,0,0,0,0,0
14757395258967641292,-5,16,4,0,11,23,58,63,170
14757395258967641292,0,0,0,0,0,0,0,0,0
14757395258967641292,0,0,0,0,0,0,0,0,0
14757395258967641292,-30,-26,4,-10,-11,-18,-79,-76,-246
14757395258967641292,0,0,0,0,0,0,0,0,0
14757395258967641292,0,0,0,0,0,0,0,0,0
14757395258967641292,0,0,0,0,0,0,0,0,0
14757395258967641292,0,0,0,0,0,0,0,0,0
14757395258967641292,-7,-58,10,2,-5,8,57,22,29
14757395258967641292,0,0,0,0,0,0,0,0,0
14757395258967641292,27,108,49,-1,-2,-8,-18,64,219
14757395258967641292,0,0,0,0,0,0,0,0,0
14757395258967641292,25,12,48,7,3,6,99,15,215
14757395258967641292,0,0,0,0,0,0,0,0,0
14757395258967641292,0,0,0,0,0,0,0,0,0
14757395258967641292,-58,-35,34,-3,-9,-47,-122,-109,-349
14757395258967641292,0,0,0,0,0,0,0,0,0
14757395258967641292,0,0,0,0,0,0,0,0,0
14757395258967641292,0,0,0,0,0,0,0,0,0
14757395258967641292,0,0,0,0,0,0,0,0,0
14757395258967641292,16,1,-42,-3,-2,2,98,-37,33
14757395258967641292,0,0,0,0,0,0,0,0,0
14757395258967641292,35,-26,75,5,10,14,16,29,158
14757395258967641292,0,0,0,0,0,0,0,0,0
14757395258967641292,-7,-1,-1,-8,-9,-14,-19,-35,-94
14757395258967641292,0,0,0,0,0,0,0,0,0
14757395258967641292,0,0,0,0,0,0,0,0,0
14757395258967641292,-90,110,38,11,5,10,77,45,206
14757395258967641292,0,0,0,0,0,0,0,0,0
14757395258967641292,0,0,0,0,0,0,0,0,0
14757395258967641292,0,0,0,0,0,0,0,0,0
14757395258967641292,0,0,0,0,0,0,0,0,0
14757395258967641292,10,-5,25,-3,-3,0,-2,44,66
14757395258967641292,0,0,0,0,0,0,0,0,0
14757395258967641292,-82,-87,31,7,10,8,11,67,-35
14757395258967641292,0,0,0,0,0,0,0,0,0
14757395258967641292,28,51,-8,19,13,37,78,94,312
14757395258967641292,0,0,0,0,0,0,0,0,0
14757395258967641292,0,0,0,0,0,0,0,0,0
14757395258967641292,33,-68,-96,-23,-10,-22,-128,-96,-410
14757395258967641292,46,31,63,0,3,11,-94,-29,31
14757395258967641292,0,0,0,0,0,0,0,0,0
14757395258967641292,0,0,0,0,0,0,0,0,0
14757395258967641292,0,0,0,0,0,0,0,0,0
14757395258967641292,68,-1,-80,-23,-11,-22,42,-23,-50
14757395258967641292,0,0,0,0,0,0,0,0,0
14757395258967641292,26,-13,25,3,-5,-26,-128,-120,-238
14757395258967641292,0,0,0,0,0,0,0,0,0
14757395258967641292,24,-21,68,11,7,5,-25,94,163
14757395258967641292,0,0,0,0,0,0,0,0,0
14757395258967641292,0,0,0,0,0,0,0,0,0
14757395258967641292,104,-64,-60,8,0,-13,64,-108,-69
14757395258967641292,0,0,0,0,0,0,0,0,0
14757395258967641292,0,0,0,0,0,0,0,0,0
14757395258967641292,0,0,0,0,0,0,0,0,0
14757395258967641292,0,0,0,0,0,0,0,0,0
14757395258967641292,-36,-42,-83,-16,-3,13,-90,-110,-367
14757395258967641292,0,0,0,0,0,0,0,0,0
14757395258967641292,0,0,0,0,0,0,0,0,0
14757395258967641292,0,0,0,0,0,0,0,0,0
14757395258967641292,-3,-79,-70,-16,5,15,28,81,-39
14757395258967641292,0,0,0,0,0,0,0,0,0
14757395258967641292,0,0,0,0,0,0,0,0,0
14757395258967641292,-60,50,-25,10,14,8,21,101,119
14757395258967641292,0,0,0,0,0,0,0,0,0
14757395258967641292,0,0,0,0,0,0,0,0,0
14757395258967641292,0,0,0,0,0,0,0,0,0
14757395258967641292,0,0,0,0,0,0,0,0,0
14757395258967641292,-77,20,30,21,12,23,105,93,227
14757395258967641292,0,0,0,0,0,0,0,0,0
14757395258967641292,0,0,0,0,0,0,0,0,0
14757395258967641292,0,0,0,0,0,0,0,0,0
14757395258967641292,17,61,117,7,-4,19,3,10,230
14757395258967641292,0,0,0,0,0,0,0,0,0
14757395258967641292,0,0,0,0,0,0,0,0,0
14757395258967641292,-28,-73,-38,-16,-2,9,15,-71,-204
14757395258967641292,0,0,0,0,0,0,0,0,0
14757395258967641292,0,0,0,0,0,0,0,0,0
14757395258967641292,0,0,0,0,0,0,0,0,0
14757395258967641292,0,0,0,0,0,0,0,0,0
14757395258967641292,83,-3,-35,18,15,9,32,75,194
14757395258967641292,0,0,0,0,0,0,0,0,0
14757395258967641292,0,0,0,0,0,0,0,0,0
14757395258967641292,0,0,0,0,0,0,0,0,0
14757395258967641292,9,89,34,-3,-9,-19,73,96,270
14757395258967641292,0,0,0,0,0,0,0,0,0
14757395258967641292,0,0,0,0,0,0,0,0,0
14757395258967641292,56,12,124,14,-20,7,127,127,447
14757395258967641292,-102,-14,-13,-26,1,-19,-128,-95,-396
14757395258967641292,0,0,0,0,0,0,0,0,0
14757395258967641292,0,0,0,0,0,0,0,0,0
14757395258967641292,0,0,0,0,0,0,0,0,0
14757395258967641292,-50,-94,-6,2,-6,-34,20,-14,-182
14757395258967641292,0,0,0,0,0,0,0,0,0
14757395258967641292,0,0,0,0,0,0,0,0,0
14757395258967641292,0,0,0,0,0,0,0,0,0
14757395258967641292,20,31,-20,3,-4,-7,-34,12,1
14757395258967641292,0,0,0,0,0,0,0,0,0
14757395258967641292,0,0,0,0,0,0,0,0,0
14757395258967641292,-21,-5,-21,-2,-10,-9,93,73,98
14757395258967641292,-10,12,12,-25,-29,-47,-94,-21,-202
14757395258967641292,0,0,0,0,0,0,0,0,0
14757395258967641292,0,0,0,0,0,0,0,0,0
14757395258967641292,0,0,0,0,0,0,0,0,0
14757395258967641292,-36,44,117,0,1,27,49,59,261
14757395258967641292,0,0,0,0,0,0,0,0,0
14757395258967641292,0,0,0,0,0,0,0,0,0
14757395258967641292,0,0,0,0,0,0,0,0,0
14757395258967641292,26,21,48,15,-16,9,-1,18,120
14757395258967641292,0,0,0,0,0,0,0,0,0
14757395258967641292,0,0,0,0,0,0,0,0,0
14757395258967641292,-54,73,7,25,6,6,-87,-54,-78
14757395258967641292,59,-31,-45,-14,4,-10,-81,-78,-196
14757395258967641292,0,0,0,0,0,0,0,0,0
14757395258967641292,0,0,0,0,0,0,0,0,0
14757395258967641292,0,0,0,0,0,0,0,0,0
14757395258967641292,-14,-2,56,5,13,8,-34,86,118
14757395258967641292,0,0,0,0,0,0,0,0,0
14757395258967641292,0,0,0,0,0,0,0,0,0
14757395258967641292,0,0,0,0,0,0,0,0,0
14757395258967641292,4,-92,-128,-32,-3,10,68,19,-154
14757395258967641292,0,0,0,0,0,0,0,0,0
14757395258967641292,0,0,0,0,0,0,0,0,0
14757395258967641292,28,28,55,13,6,10,14,76,230
14757395258967641292,-9,40,-40,13,-10,-46,-98,-128,-278
14757395258967641292,0,0,0,0,0,0,0,0,0
14757395258967641292,0,0,0,0,0,0,0,0,0
14757395258967641292,0,0,0,0,0,0,0,0,0
14757395258967641292,-3,33,104,6,-16,-14,9,-21,98
14757395258967641292,0,0,0,0,0,0,0,0,0
14757395258967641292,0,0,0,0,0,0,0,0,0
14757395258967641292,0,0,0,0,0,0,0,0,0
14757395258967641292,-9,-39,79,17,19,0,-13,-10,44
14757395258967641292,0,0,0,0,0,0,0,0,0
14757395258967641292,0,0,0,0,0,0,0,0,0
14757395258967641292,-20,-16,22,-5,5,11,-7,16,6
14757395258967641292,0,0,0,0,0,0,0,0,0
14757395258967641292,2,-57,-77,-11,-3,8,46,42,-50
14757395258967641292,0,0,0,0,0,0,0,0,0
14757395258967641292,0,0,0,0,0,0,0,0,0
14757395258967641292,36,60,-13,4,-9,5,-34,44,93
14757395258967641292,0,0,0,0,0,0,0,0,0
14757395258967641292,0,0,0,0,0,0,0,0,0
14757395258967641292,0,0,0,0,0,0,0,0,0
14757395258967641292,8,38,18,-10,3,2,69,-24,104
14757395258967641292,0,0,0,0,0,0,0,0,0
14757395258967641292,0,0,0,0,0,0,0,0,0
14757395258967641292,13,-77,-22,-20,-22,-12,-60,7,-193
14757395258967641292,43,45,24,13,14,15,-13,-15,126
14757395258967641292,0,0,0,0,0,0,0,0,0
14757395258967641292,0,0,0,0,0,0,0,0,0
14757395258967641292,0,0,0,0,0,0,0,0,0
14757395258967641292,-70,-26,26,-5,2,5,-35,10,-93
14757395258967641292,0,0,0,0,0,0,0,0,0
14757395258967641292,0,0,0,0,0,0,0,0,0
14757395258967641292,0,0,0,0,0,0,0,0,0
14757395258967641292,20,-13,-10,-8,-6,-1,-33,-14,-65
14757395258967641292,0,0,0,0,0,0,0,0,0
14757395258967641292,0,0,0,0,0,0,0,0,0
14757395258967641292,-16,61,33,4,12,6,-4,-30,66
14757395258967641292,0,0,0,0,0,0,0,0,0
14757395258967641292,8,33,-74,-8,-3,-26,16,-19,-73
14757395258967641292,0,0,0,0,0,0,0,0,0
14757395258967641292,0,0,0,0,0,0,0,0,0
14757395258967641292,2,-18,21,5,-6,0,12,-6,10
14757395258967641292,0,0,0,0,0,0,0,0,0
14757395258967641292,0,0,0,0,0,0,0,0,0
14757395258967641292,0,0,0,0,0,0,0,0,0
14757395258967641292,0,-24,-28,19,-4,-6,4,-7,-46
14757395258967641292,0,0,0,0,0,0,0,0,0
14757395258967641292,0,0,0,0,0,0,0,0,0
14757395258967641292,1,-4,-55,-4,13,22,10,-17,-34
14757395258967641292,0,0,0,0,0,0,0,0,0
14757395258967641292,11,22,127,16,10,0,4,-13,177
14757395258967641292,0,0,0,0,0,0,0,0,0
14757395258967641292,0,0,0,0,0,0,0,0,0
14757395258967641292,1,14,21,1,-13,-25,-4,16,11
14757395258967641292,-4,-14,-16,-7,4,5,-8,-11,-51
14757395258967641292,0,0,0,0,0,0,0,0,0
14757395258967641292,0,0,0,0,0,0,0,0,0
14757395258967641292,-2,14,-29,-13,8,-3,-2,-14,-41
14757395258967641292,1,8,-33,-17,6,-4,-4,-87,-130
14757395258967641292,0,0,0,0,0,0,0,0,0
14757395258967641292,9,19,42,19,-5,-4,-14,11,77
14757395258967641292,0,0,0,0,0,0,0,0,0
14757395258967641292,7,0,34,10,4,13,19,16,103
14757395258967641292,0,0,0,0,0,0,0,0,0
14757395258967641292,0,0,0,0,0,0,0,0,0
14757395258967641292,13,6,4,-9,-6,6,-2,32,44
14757395258967641292,0,0,0,0,0,0,0,0,0
14757395258967641292,0,0,0,0,0,0,0,0,0
14757395258967641292,0,0,0,0,0,0,0,0,0
14757395258967641292,-5,-19,-108,-13,-11,-4,4,4,-152
14757395258967641292,0,0,0,0,0,0,0,0,0
14757395258967641292,0,0,0,0,0,0,0,0,0
14757395258967641292,-8,5,-7,4,1,-1,-1,-3,-10
14757395258967641292,0,0,0,0,0,0,0,0,0
14757395258967641292,-24,-48,-43,-9,-12,-3,1,-4,-142
14757395258967641292,0,0,0,0,0,0,0,0,0
14757395258967641292,0,0,0,0,0,0,0,0,0
14757395258967641292,4,2,-3,8,-1,0,0,16,26
14757395258967641292,0,0,0,0,0,0,0,0,0
14757395258967641292,0,0,0,0,0,0,0,0,0
14757395258967641292,0,0,0,0,0,0,0,0,0
14757395258967641292,3,25,-45,5,4,5,5,5,7
14757395258967641292,0,0,0,0,0,0,0,0,0
14757395258967641292,0,0,0,0,0,0,0,0,0
14757395258967641292,-1,3,20,1,-2,-2,1,-4,16
14757395258967641292,0,0,0,0,0,0,0,0,0
14757395258967641292,2,-8,-1,-8,-1,-2,5,22,9
14757395258967641292,0,0,0,0,0,0,0,0,0
14757395258967641292,0,0,0,0,0,0,0,0,0
14757395258967641292,-1,-1,127,6,-8,-8,-4,-1,110
14757395258967641292,0,0,0,0,0,0,0,0,0
14757395258967641292,0,0,0,0,0,0,0,0,0
14757395258967641292,0,0,0,0,0,0,0,0,0
14757395258967641292,1,17,10,-2,3,3,3,0,35
14757395258967641292,0,0,0,0,0,0,0,0,0
14757395258967641292,0,0,0,0,0,0,0,0,0
14757395258967641292,-1,3,-10,10,4,0,1,-6,1
14757395258967641292,0,0,0,0,0,0,0,0,0
14757395258967641292,3,0,-1,1,-2,-2,-4,21,16
14757395258967641292,0,0,0,0,0,0,0,0,0
14757395258967641292,0,0,0,0,0,0,0,0,0
14757395258967641292,0,-7,-25,-1,2,2,-1,-3,-33
14757395258967641292,0,0,0,0,0,0,0,0,0
14757395258967641292,0,0,0,0,0,0,0,0,0
14757395258967641292,0,0,0,0,0,0,0,0,0
14757395258967641292,-7,-21,-4,-8,-8,-2,-1,7,-44
14757395258967641292,-6,1,33,-1,-3,0,-1,-10,13
14757395258967641292,0,0,0,0,0,0,0,0,0
14757395258967641292,-3,0,27,0,6,1,1,-8,24
14757395258967641292,0,0,0,0,0,0,0,0,0
14757395258967641292,-3,-4,-32,-9,-12,-5,-5,-7,-77
14757395258967641292,0,0,0,0,0,0,0,0,0
14757395258967641292,0,0,0,0,0,0,0,0,0
14757395258967641292,0,-29,-38,-7,1,-2,0,-6,-81
14757395258967641292,0,0,0,0,0,0,0,0,0
14757395258967641292,0,0,0,0,0,0,0,0,0
14757395258967641292,0,0,0,0,0,0,0,0,0
14757395258967641292,-2,6,79,11,-2,2,3,-6,91
14757395258967641292,0,0,0,0,0,0,0,0,0
14757395258967641292,0,0,0,0,0,0,0,0,0
14757395258967641292,0,0,0,0,0,0,0,0,0
14757395258967641292,0,0,0,0,0,0,0,0,0
14757395258967641292,-1,6,66,2,-1,3,-2,1,74
14757395258967641292,0,0,0,0,0,0,0,0,0
14757395258967641292,0,0,0,0,0,0,0,0,0
14757395258967641292,3,6,-37,-7,-3,-1,0,-3,-42
14757395258967641292,0,0,0,0,0,0,0,0,0
14757395258967641292,0,0,0,0,0,0,0,0,0
14757395258967641292,0,0,0,0,0,0,0,0,0
14757395258967641292,-1,24,22,3,-2,-7,-7,-4,28
14757395258967641292,0,0,0,0,0,0,0,0,0
14757395258967641292,0,0,0,0,0,0,0,0,0
14757395258967641292,0,0,0,0,0,0,0,0,0
14757395258967641292,0,0,0,0,0,0,0,0,0
14757395258967641292,1,-15,-41,-4,3,8,2,-1,-47
14757395258967641292,0,0,0,0,0,0,0,0,0
14757395258967641292,0,0,0,0,0,0,0,0,0
14757395258967641292,-3,-4,11,0,-3,-5,-2,-11,-17
14757395258967641292,0,0,0,0,0,0,0,0,0
14757395258967641292,0,0,0,0,0,0,0,0,0
14757395258967641292,0,0,0,0,0,0,0,0,0
14757395258967641292,-2,-4,-10,12,11,0,1,1,9
14757395258967641292,0,0,0,0,0,0,0,0,0
14757395258967641292,0,0,0,0,0,0,0,0,0
14757395258967641292,0,0,0,0,0,0,0,0,0
14757395258967641292,0,0,0,0,0,0,0,0,0
14757395258967641292,-2,-4,14,-2,-6,-5,2,1,-2
14757395258967641292,0,0,0,0,0,0,0,0,0
14757395258967641292,0,0,0,0,0,0,0,0,0
14757395258967641292,3,23,26,3,0,-6,-4,2,47
14757395258967641292,0,0,0,0,0,0,0,0,0
14757395258967641292,0,0,0,0,0,0,0,0,0
14757395258967641292,0,0,0,0,0,0,0,0,0
14757395258967641292,-2,-1,19,-6,-1,1,-1,-2,7
14757395258967641292,0,0,0,0,0,0,0,0,0
14757395258967641292,0,0,0,0,0,0,0,0,0
14757395258967641292,0,0,0,0,0,0,0,0,0
14757395258967641292,0,0,0,0,0,0,0,0,0
14757395258967641292,-2,-14,-22,2,-3,1,21,-1,-18
14757395258967641292,0,0,0,0,0,0,0,0,0
14757395258967641292,-1,-13,-13,-5,-4,-3,0,4,-35
14757395258967641292,0,0,0,0,0,0,0,0,0
14757395258967641292,-2,-5,-19,-7,-7,-3,-7,-1,-51
14757395258967641292,0,0,0,0,0,0,0,0,0
14757395258967641292,0,0,0,0,0,0,0,0,0
14757395258967641292,-2,-1,4,4,2,0,-4,1,4
14757395258967641292,0,0,0,0,0,0,0,0,0
14757395258967641292,0,0,0,0,0,0,0,0,0
14757395258967641292,0,0,0,0,0,0,0,0,0
14757395258967641292,0,0,0,0,0,0,0,0,0
14757395258967641292,0,-2,-22,-9,-2,1,-6,0,-40
14757395258967641292,0,0,0,0,0,0,0,0,0
14757395258967641292,1,9,72,19,9,4,4,-3,115
14757395258967641292,0,0,0,0,0,0,0,0,0
14757395258967641292,5,7,43,3,3,2,0,1,64
14757395258967641292,0,0,0,0,0,0,0,0,0
14757395258967641292,0,0,0,0,0,0,0,0,0
14757395258967641292,-6,-8,7,3,-4,-1,-3,-6,-18
14757395258967641292,0,0,0,0,0,0,0,0,0
14757395258967641292,0,0,0,0,0,0,0,0,0
14757395258967641292,0,0,0,0,0,0,0,0,0
14757395258967641292,0,0,0,0,0,0,0,0,0
14757395258967641292,2,-6,-30,-6,-6,4,-5,-2,-49
14757395258967641292,0,0,0,0,0,0,0,0,0
14757395258967641292,-2,2,-16,-5,-3,-2,-4,1,-29
14757395258967641292,0,0,0,0,0,0,0,0,0
14757395258967641292,0,13,-25,-7,-3,-3,-2,0,-27
14757395258967641292,0,0,0,0,0,0,0,0,0
14757395258967641292,0,0,0,0,0,0,0,0,0
14757395258967641292,-2,0,-17,-4,-7,-9,-5,-1,-45
14757395258967641292,0,0,0,0,0,0,0,0,0
14757395258967641292,0,0,0,0,0,0,0,0,0
14757395258967641292,0,0,0,0,0,0,0,0,0
14757395258967641292,0,0,0,0,0,0,0,0,0
14757395258967641292,-3,-16,-16,-2,0,-2,4,-1,-36
14757395258967641292,0,0,0,0,0,0,0,0,0
14757395258967641292,0,-7,-20,-7,-5,0,-4,0,-43
14757395258967641292,0,0,0,0,0,0,0,0,0
14757395258967641292,-3,-19,-34,-2,-2,-1,-3,1,-63
14757395258967641292,0,0,0,0,0,0,0,0,0
14757395258967641292,0,0,0,0,0,0,0,0,0
14757395258967641292,-4,2,-45,-14,-7,2,-12,11,-67
14757395258967641292,-1,4,-15,1,1,0,-1,-3,-14
14757395258967641292,0,0,0,0,0,0,0,0,0
14757395258967641292,0,0,0,0,0,0,0,0,0
14757395258967641292,0,0,0,0,0,0,0,0,0
14757395258967641292,-5,-5,-45,-4,4,8,1,0,-46
14757395258967641292,0,0,0,0,0,0,0,0,0
14757395258967641292,0,0,0,0,0,0,0,0,0
14757395258967641292,0,3,24,5,6,1,-4,2,37
14757395258967641292,0,-9,4,-2,1,-5,12,5,6
14757395258967641292,0,0,0,0,0,0,0,0,0
14757395258967641292,0,0,0,0,0,0,0,0,0
14757395258967641292,2,-3,-3,-1,-1,2,1,2,-1
14757395258967641292,-1,4,-12,-1,2,-2,-5,-11,-26
14757395258967641292,0,0,0,0,0,0,0,0,0
14757395258967641292,0,0,0,0,0,0,0,0,0
14757395258967641292,0,0,0,0,0,0,0,0,0
14757395258967641292,-3,-6,42,-4,-12,-4,-5,-2,6
14757395258967641292,0,0,0,0,0,0,0,0,0
14757395258967641292,-1,-6,-49,-4,-7,-9,-4,-5,-85
14757395258967641292,0,0,0,0,0,0,0,0,0
14757395258967641292,2,-7,0,2,8,11,1,2,19
14757395258967641292,0,0,0,0,0,0,0,0,0
14757395258967641292,0,0,0,0,0,0,0,0,0
14757395258967641292,-2,-3,14,3,9,-2,-3,-1,15
14757395258967641292,-2,-4,-6,-5,-4,-7,-2,-1,-31
14757395258967641292,0,0,0,0,0,0,0,0,0
14757395258967641292,0,0,0,0,0,0,0,0,0
14757395258967641292,0,0,0,0,0,0,0,0,0
14757395258967641292,2,11,11,3,-2,1,-2,1,25
14757395258967641292,0,0,0,0,0,0,0,0,0
14757395258967641292,-4,-13,-16,-6,-9,-12,-3,10,-53
14757395258967641292,0,0,0,0,0,0,0,0,0
14757395258967641292,-1,1,24,6,3,4,-2,0,35
14757395258967641292,0,0,0,0,0,0,0,0,0
14757395258967641292,0,0,0,0,0,0,0,0,0
14757395258967641292,0,1,2,-5,-6,0,-3,-7,-18
14757395258967641292,-1,7,-4,4,0,-4,-1,0,1
14757395258967641292,0,0,0,0,0,0,0,0,0
14757395258967641292,0,0,0,0,0,0,0,0,0
14757395258967641292,0,0,0,0,0,0,0,0,0
14757395258967641292,2,1,7,-4,-2,-6,-6,-2,-10
14757395258967641292,0,0,0,0,0,0,0,0,0
14757395258967641292,-3,-5,1,2,7,7,1,-3,7
14757395258967641292,0,0,0,0,0,0,0,0,0
14757395258967641292,-1,9,9,-4,-2,-3,-12,-4,-8
14757395258967641292,0,0,0,0,0,0,0,0,0
14757395258967641292,0,0,0,0,0,0,0,0,0
14757395258967641292,2,12,11,3,5,7,4,5,49
14757395258967641292,-4,-13,-11,-5,-5,-1,-5,-2,-46
14757395258967641292,0,0,0,0,0,0,0,0,0
14757395258967641292,0,0,0,0,0,0,0,0,0
14757395258967641292,0,0,0,0,0,0,0,0,0
14757395258967641292,0,0,0,0,0,0,0,0,0
14757395258967641292,-1,-6,-2,3,14,10,-3,2,17
14757395258967641292,0,-8,-2,-6,-9,-11,-2,-4,-42
14757395258967641292,0,0,0,0,0,0,0,0,0
14757395258967641292,-1,0,8,4,9,3,3,1,27
14757395258967641292,0,0,0,0,0,0,0,0,0
14757395258967641292,0,0,0,0,0,0,0,0,0
14757395258967641292,0,-3,8,1,-3,-5,-5,-13,-20
14757395258967641292,0,0,0,0,0,0,0,0,0
14757395258967641292,0,0,0,0,0,0,0,0,0
14757395258967641292,0,0,0,0,0,0,0,0,0
14757395258967641292,0,0,0,0,0,0,0,0,0
14757395258967641292,-2,-2,-8,-6,-4,-3,2,0,-23
14757395258967641292,0,0,0,0,0,0,0,0,0
14757395258967641292,-3,-3,14,14,4,-7,-4,-9,6
14757395258967641292,0,0,0,0,0,0,0,0,0
14757395258967641292,-2,-1,15,7,8,6,3,-2,34
14757395258967641292,0,0,0,0,0,0,0,0,0
14757395258967641292,0,0,0,0,0,0,0,0,0
14757395258967641292,-1,4,-3,0,-1,1,10,11,21
14757395258967641292,0,0,0,0,0,0,0,0,0
14757395258967641292,0,0,0,0,0,0,0,0,0
14757395258967641292,0,0,0,0,0,0,0,0,0
14757395258967641292,0,0,0,0,0,0,0,0,0
14757395258967641292,3,19,2,-6,-3,0,-5,18,28
14757395258967641292,0,0,0,0,0,0,0,0,0
14757395258967641292,1,6,20,3,3,4,-4,-1,32
14757395258967641292,0,0,0,0,0,0,0,0,0
14757395258967641292,-2,-15,22,-5,-10,-6,-1,-6,-23
14757395258967641292,0,0,0,0,0,0,0,0,0
14757395258967641292,0,0,0,0,0,0,0,0,0
14757395258967641292,1,11,-2,0,0,0,6,4,20
14757395258967641292,0,0,0,0,0,0,0,0,0
14757395258967641292,0,0,0,0,0,0,0,0,0
14757395258967641292,0,0,0,0,0,0,0,0,0
14757395258967641292,0,0,0,0,0,0,0,0,0
14757395258967641292,0,-5,-10,3,5,3,14,0,10
14757395258967641292,0,0,0,0,0,0,0,0,0
14757395258967641292,-3,9,17,-6,-8,-9,-1,-9,-10
14757395258967641292,0,0,0,0,0,0,0,0,0
14757395258967641292,-3,-20,-34,-7,-4,-10,-7,-9,-94
14757395258967641292,0,0,0,0,0,0,0,0,0
14757395258967641292,0,0,0,0,0,0,0,0,0
14757395258967641292,-4,-2,3,4,10,-2,-8,-5,-4
14757395258967641292,0,0,0,0,0,0,0,0,0
14757395258967641292,0,0,0,0,0,0,0,0,0
14757395258967641292,0,0,0,0,0,0,0,0,0
14757395258967641292,0,0,0,0,0,0,0,0,0
14757395258967641292,4,9,18,2,0,11,-3,-1,40
14757395258967641292,0,0,0,0,0,0,0,0,0
14757395258967641292,-2,-14,-4,-3,-3,-4,-9,-1,-40
14757395258967641292,0,0,0,0,0,0,0,0,0
14757395258967641292,0,-1,-16,-1,-9,-7,0,-15,-49
14757395258967641292,0,0,0,0,0,0,0,0,0
14757395258967641292,0,0,0,0,0,0,0,0,0
14757395258967641292,-1,0,2,-1,-3,-2,-5,-2,-12
14757395258967641292,0,0,0,0,0,0,0,0,0
14757395258967641292,0,0,0,0,0,0,0,0,0
14757395258967641292,0,0,0,0,0,0,0,0,0
14757395258967641292,0,0,0,0,0,0,0,0,0
14757395258967641292,-2,3,-5,-3,1,4,0,3,1
14757395258967641292,0,0,0,0,0,0,0,0,0
14757395258967641292,0,0,0,0,0,0,0,0,0
14757395258967641292,0,0,0,0,0,0,0,0,0
14757395258967641292,-1,-1,4,-3,0,-3,-3,1,-6
14757395258967641292,0,0,0,0,0,0,0,0,0
14757395258967641292,0,0,0,0,0,0,0,0,0
14757395258967641292,0,-3,0,2,6,11,2,3,21
14757395258967641292,-4,-4,-1,-4,-6,-4,-4,-11,-38
14757395258967641292,0,0,0,0,0,0,0,0,0
14757395258967641292,0,0,0,0,0,0,0,0,0
14757395258967641292,0,0,0,0,0,0,0,0,0
14757395258967641292,-5,-24,-3,-1,-3,1,-7,-2,-44
14757395258967641292,0,0,0,0,0,0,0,0,0
14757395258967641292,0,0,0,0,0,0,0,0,0
14757395258967641292,0,0,0,0,0,0,0,0,0
14757395258967641292,-3,-11,4,-7,-2,-3,-3,-3,-28
14757395258967641292,0,0,0,0,0,0,0,0,0
14757395258967641292,-2,10,1,6,-9,-11,-1,-2,-8
14757395258967641292,1,3,8,-3,-6,-9,-11,2,-15
14757395258967641292,0,0,0,0,0,0,0,0,0
14757395258967641292,0,0,0,0,0,0,0,0,0
14757395258967641292,0,0,0,0,0,0,0,0,0
14757395258967641292,0,0,0,0,0,0,0,0,0
14757395258967641292,2,8,9,3,5,1,0,3,31
14757395258967641292,0,0,0,0,0,0,0,0,0
14757395258967641292,0,0,0,0,0,0,0,0,0
14757395258967641292,0,0,0,0,0,0,0,0,0
14757395258967641292,4,-2,-11,2,6,-1,5,5,8
14757395258967641292,0,0,0,0,0,0,0,0,0
14757395258967641292,0,0,0,0,0,0,0,0,0
14757395258967641292,3,2,7,8,4,-8,5,-4,17
14757395258967641292,-2,-7,-8,-1,4,4,1,-4,-13
14757395258967641292,0,0,0,0,0,0,0,0,0
14757395258967641292,0,0,0,0,0,0,0,0,0
14757395258967641292,0,0,0,0,0,0,0,0,0
14757395258967641292,0,-3,-5,3,17,11,-1,-2,20
14757395258967641292,0,0,0,0,0,0,0,0,0
14757395258967641292,0,0,0,0,0,0,0,0,0
14757395258967641292,0,0,0,0,0,0,0,0,0
14757395258967641292,-4,-3,-7,-7,-13,-4,-3,0,-41
14757395258967641292,0,0,0,0,0,0,0,0,0
14757395258967641292,0,0,0,0,0,0,0,0,0
14757395258967641292,2,16,-9,2,1,3,1,-12,4
14757395258967641292,1,-3,1,-6,-9,4,2,-1,-11
14757395258967641292,0,0,0,0,0,0,0,0,0
14757395258967641292,0,0,0,0,0,0,0,0,0
14757395258967641292,0,0,0,0,0,0,0,0,0
14757395258967641292,-5,-10,-10,0,4,2,-15,-7,-41
14757395258967641292,0,0,0,0,0,0,0,0,0
14757395258967641292,0,0,0,0,0,0,0,0,0
14757395258967641292,0,0,0,0,0,0,0,0,0
14757395258967641292,1,12,12,0,-3,-3,-2,12,29
14757395258967641292,0,0,0,0,0,0,0,0,0
14757395258967641292,0,0,0,0,0,0,0,0,0
14757395258967641292,-4,1,-10,-4,6,-3,2,-3,-15
14757395258967641292,0,5,25,1,4,-4,4,-1,34
14757395258967641292,0,0,0,0,0,0,0,0,0
14757395258967641292,0,0,0,0,0,0,0,0,0
14757395258967641292,0,0,0,0,0,0,0,0,0
14757395258967641292,-3,13,-14,5,6,1,5,-1,12
14757395258967641292,0,0,0,0,0,0,0,0,0
14757395258967641292,0,0,0,0,0,0,0,0,0
14757395258967641292,0,0,0,0,0,0,0,0,0
14757395258967641292,-1,-14,-1,1,4,-1,-21,-5,-38
14757395258967641292,0,0,0,0,0,0,0,0,0
14757395258967641292,0,0,0,0,0,0,0,0,0
14757395258967641292,2,7,16,6,1,0,0,-11,21
14757395258967641292,-4,-5,-22,-6,-2,-1,5,-2,-37
14757395258967641292,0,0,0,0,0,0,0,0,0
14757395258967641292,0,0,0,0,0,0,0,0,0
14757395258967641292,0,0,0,0,0,0,0,0,0
14757395258967641292,1,7,9,3,-3,0,1,-9,9
14757395258967641292,0,0,0,0,0,0,0,0,0
14757395258967641292,0,0,0,0,0,0,0,0,0
14757395258967641292,0,0,0,0,0,0,0,0,0
14757395258967641292,-1,-8,-6,-8,-11,-7,4,-1,-38
14757395258967641292,0,0,0,0,0,0,0,0,0
14757395258967641292,0,0,0,0,0,0,0,0,0
14757395258967641292,1,-9,5,-5,2,-5,-4,4,-11
14757395258967641292,0,6,9,-3,-7,-4,8,1,10
14757395258967641292,0,0,0,0,0,0,0,0,0
14757395258967641292,0,0,0,0,0,0,0,0,0
14757395258967641292,0,0,0,0,0,0,0,0,0
14757395258967641292,1,0,6,1,6,4,2,1,21
14757395258967641292,0,0,0,0,0,0,0,0,0
14757395258967641292,0,0,0,0,0,0,0,0,0
14757395258967641292,0,0,0,0,0,0,0,0,0
14757395258967641292,-2,0,-10,-1,-2,1,-2,1,-15
14757395258967641292,-3,-14,-1,-2,-9,-7,-1,3,-34
14757395258967641292,0,0,0,0,0,0,0,0,0
14757395258967641292,1,-12,-2,-3,-4,2,-1,-4,-23
14757395258967641292,1,-1,-3,-1,5,11,-1,16,27
14757395258967641292,0,0,0,0,0,0,0,0,0
14757395258967641292,0,0,0,0,0,0,0,0,0
14757395258967641292,0,0,0,0,0,0,0,0,0
14757395258967641292,1,9,-3,3,3,-4,-3,1,7
14757395258967641292,0,0,0,0,0,0,0,0,0
14757395258967641292,0,0,0,0,0,0,0,0,0
14757395258967641292,0,0,0,0,0,0,0,0,0
14757395258967641292,-1,-8,2,1,8,5,-12,3,-2
14757395258967641292,-1,1,5,0,0,-2,4,-4,3
14757395258967641292,0,0,0,0,0,0,0,0,0
14757395258967641292,0,-2,-3,-1,-4,-2,-4,-1,-17
14757395258967641292,0,0,0,0,0,0,0,0,0
14757395258967641292,-1,-1,-3,0,1,-6,-2,-12,-24
14757395258967641292,0,0,0,0,0,0,0,0,0
14757395258967641292,0,0,0,0,0,0,0,0,0
14757395258967641292,-2,-6,-3,-4,-8,-7,-3,-6,-39
14757395258967641292,0,0,0,0,0,0,0,0,0
14757395258967641292,0,0,0,0,0,0,0,0,0
14757395258967641292,0,0,0,0,0,0,0,0,0
14757395258967641292,-1,-1,8,-3,-2,1,2,0,4
14757395258967641292,0,0,0,0,0,0,0,0,0
14757395258967641292,0,0,0,0,0,0,0,0,0
14757395258967641292,0,2,3,-2,-6,-1,-3,6,-1
14757395258967641292,0,0,0,0,0,0,0,0,0
14757395258967641292,-6,-9,-3,-4,-1,1,-4,-8,-34
14757395258967641292,0,0,0,0,0,0,0,0,0
14757395258967641292,0,0,0,0,0,0,0,0,0
14757395258967641292,1,5,0,1,1,-3,0,6,11
14757395258967641292,0,0,0,0,0,0,0,0,0
14757395258967641292,0,0,0,0,0,0,0,0,0
14757395258967641292,0,0,0,0,0,0,0,0,0
14757395258967641292,0,-6,-5,-4,-2,-1,-1,0,-19
14757395258967641292,0,0,0,0,0,0,0,0,0
14757395258967641292,0,0,0,0,0,0,0,0,0
14757395258967641292,3,-12,7,-3,-8,1,-1,-3,-16
14757395258967641292,0,0,0,0,0,0,0,0,0
14757395258967641292,-2,-8,-21,-2,-4,-3,-1,-1,-42
14757395258967641292,0,0,0,0,0,0,0,0,0
14757395258967641292,0,0,0,0,0,0,0,0,0
14757395258967641292,2,6,5,5,-4,1,1,-3,13
14757395258967641292,0,0,0,0,0,0,0,0,0
14757395258967641292,0,0,0,0,0,0,0,0,0
14757395258967641292,0,0,0,0,0,0,0,0,0
14757395258967641292,1,-4,0,2,3,1,-1,4,6
14757395258967641292,0,0,0,0,0,0,0,0,0
14757395258967641292,0,0,0,0,0,0,0,0,0
14757395258967641292,2,18,2,-4,-5,1,5,-4,15
14757395258967641292,0,0,0,0,0,0,0,0,0
14757395258967641292,-1,-2,5,1,3,1,2,0,9
14757395258967641292,0,0,0,0,0,0,0,0,0
14757395258967641292,0,0,0,0,0,0,0,0,0
14757395258967641292,0,6,15,2,-6,-2,-4,-4,7
14757395258967641292,0,0,0,0,0,0,0,0,0
14757395258967641292,0,0,0,0,0,0,0,0,0
14757395258967641292,0,0,0,0,0,0,0,0,0
14757395258967641292,-1,4,-2,-5,0,4,0,-1,-1
14757395258967641292,0,0,0,0,0,0,0,0,0
14757395258967641292,0,0,0,0,0,0,0,0,0
14757395258967641292,1,-4,-2,-2,-10,-5,-1,-4,-27
14757395258967641292,0,0,0,0,0,0,0,0,0
14757395258967641292,1,-5,4,-3,4,0,-1,-6,-6
14757395258967641292,0,0,0,0,0,0,0,0,0
14757395258967641292,0,0,0,0,0,0,0,0,0
14757395258967641292,-3,1,1,1,-3,-9,2,0,-10
14757395258967641292,0,0,0,0,0,0,0,0,0
14757395258967641292,0,0,0,0,0,0,0,0,0
14757395258967641292,0,0,0,0,0,0,0,0,0
14757395258967641292,-4,16,-5,-9,-14,-7,-4,0,-27
14757395258967641292,0,0,0,0,0,0,0,0,0
14757395258967641292,0,0,0,0,0,0,0,0,0
14757395258967641292,-4,-12,-17,0,2,4,0,1,-26
14757395258967641292,0,0,0,0,0,0,0,0,0
14757395258967641292,3,0,0,7,7,1,-1,-5,12
14757395258967641292,0,0,0,0,0,0,0,0,0
14757395258967641292,0,0,0,0,0,0,0,0,0
14757395258967641292,-3,-8,-14,-6,0,2,-1,-1,-31
14757395258967641292,0,0,0,0,0,0,0,0,0
14757395258967641292,0,0,0,0,0,0,0,0,0
14757395258967641292,0,0,0,0,0,0,0,0,0
14757395258967641292,-2,-2,6,-2,-5,-3,1,-8,-15
14757395258967641292,-2,-3,3,5,1,-1,-2,0,1
14757395258967641292,0,0,0,0,0,0,0,0,0
14757395258967641292,-1,-4,-18,-4,-2,0,-1,1,-29
14757395258967641292,0,0,0,0,0,0,0,0,0
14757395258967641292,-4,-5,9,3,-1,2,2,6,12
14757395258967641292,0,0,0,0,0,0,0,0,0
14757395258967641292,0,0,0,0,0,0,0,0,0
14757395258967641292,2,-7,-19,-4,-1,2,-2,-2,-31
14757395258967641292,0,0,0,0,0,0,0,0,0
14757395258967641292,0,0,0,0,0,0,0,0,0
14757395258967641292,0,0,0,0,0,0,0,0,0
14757395258967641292,1,-1,-2,2,-3,-8,0,0,-11
14757395258967641292,-1,1,-6,-1,-1,0,-2,-1,-11
14757395258967641292,0,0,0,0,0,0,0,0,0
14757395258967641292,0,0,0,0,0,0,0,0,0
14757395258967641292,0,0,0,0,0,0,0,0,0
14757395258967641292,-2,-3,-8,-9,-16,-7,-11,-9,-65
14757395258967641292,0,0,0,0,0,0,0,0,0
14757395258967641292,0,0,0,0,0,0,0,0,0
14757395258967641292,1,-6,-22,-5,-1,-4,-3,5,-35
14757395258967641292,0,0,0,0,0,0,0,0,0
14757395258967641292,0,0,0,0,0,0,0,0,0
14757395258967641292,0,0,0,0,0,0,0,0,0
14757395258967641292,0,13,0,1,1,-5,1,3,14
14757395258967641292,0,5,12,0,-1,-5,0,-11,0
14757395258967641292,0,0,0,0,0,0,0,0,0
14757395258967641292,0,0,0,0,0,0,0,0,0
14757395258967641292,0,0,0,0,0,0,0,0,0
14757395258967641292,1,-1,21,0,6,4,0,2,33
14757395258967641292,0,0,0,0,0,0,0,0,0
14757395258967641292,0,0,0,0,0,0,0,0,0
14757395258967641292,-3,-6,-14,-10,1,2,1,1,-28
14757395258967641292,0,0,0,0,0,0,0,0,0
14757395258967641292,0,0,0,0,0,0,0,0,0
14757395258967641292,0,0,0,0,0,0,0,0,0
14757395258967641292,1,-2,5,2,-3,4,3,4,14
14757395258967641292,0,3,0,-3,-12,-8,-4,-3,-27
14757395258967641292,0,0,0,0,0,0,0,0,0
14757395258967641292,0,0,0,0,0,0,0,0,0
14757395258967641292,0,0,0,0,0,0,0,0,0
14757395258967641292,-2,-3,11,5,-2,-3,-1,-2,3
14757395258967641292,0,0,0,0,0,0,0,0,0
14757395258967641292,0,0,0,0,0,0,0,0,0
14757395258967641292,-1,-17,-19,-7,-4,-5,1,-1,-53
14757395258967641292,0,0,0,0,0,0,0,0,0
14757395258967641292,0,0,0,0,0,0,0,0,0
14757395258967641292,0,0,0,0,0,0,0,0,0
14757395258967641292,0,6,2,-5,-1,-3,-4,-2,-7
14757395258967641292,-1,-1,-7,6,11,3,2,3,16
14757395258967641292,0,0,0,0,0,0,0,0,0
14757395258967641292,0,0,0,0,0,0,0,0,0
14757395258967641292,0,0,0,0,0,0,0,0,0
14757395258967641292,-1,0,-18,-7,-6,0,1,10,-21
14757395258967641292,0,0,0,0,0,0,0,0,0
14757395258967641292,0,0,0,0,0,0,0,0,0
14757395258967641292,-2,-4,-5,2,0,-7,-2,1,-17
14757395258967641292,0,1,10,8,12,20,3,2,56
14757395258967641292,0,0,0,0,0,0,0,0,0
14757395258967641292,0,0,0,0,0,0,0,0,0
14757395258967641292,-1,6,7,8,1,-5,0,-3,13
14757395258967641292,0,0,0,0,0,0,0,0,0
14757395258967641292,0,0,0,0,0,0,0,0,0
14757395258967641292,0,0,0,0,0,0,0,0,0
14757395258967641292,0,0,0,0,0,0,0,0,0
14757395258967641292,2,3,-6,-3,2,0,-5,4,-3
14757395258967641292,0,0,0,0,0,0,0,0,0
14757395258967641292,0,0,0,0,0,0,0,0,0
14757395258967641292,-2,6,1,-1,-10,-4,0,0,-10
14757395258967641292,0,8,2,6,17,7,2,-3,39
14757395258967641292,0,0,0,0,0,0,0,0,0
14757395258967641292,0,0,0,0,0,0,0,0,0
14757395258967641292,-3,0,8,-3,-13,-13,-6,-4,-34
14757395258967641292,0,0,0,0,0,0,0,0,0
14757395258967641292,0,0,0,0,0,0,0,0,0
14757395258967641292,0,0,0,0,0,0,0,0,0
14757395258967641292,0,0,0,0,0,0,0,0,0
14757395258967641292,-1,0,3,-4,-1,-6,0,-3,-12
14757395258967641292,0,0,0,0,0,0,0,0,0
14757395258967641292,0,0,0,0,0,0,0,0,0
14757395258967641292,-1,-6,-1,-5,-8,1,2,-3,-21
14757395258967641292,-2,-4,-3,5,-4,-2,0,-12,-22
14757395258967641292,0,0,0,0,0,0,0,0,0
14757395258967641292,0,0,0,0,0,0,0,0,0
14757395258967641292,0,-1,-8,-1,12,4,1,0,7
14757395258967641292,0,0,0,0,0,0,0,0,0
14757395258967641292,0,0,0,0,0,0,0,0,0
14757395258967641292,0,0,0,0,0,0,0,0,0
14757395258967641292,0,0,0,0,0,0,0,0,0
14757395258967641292,0,7,13,-2,-9,-8,-1,1,1
14757395258967641292,0,0,0,0,0,0,0,0,0
14757395258967641292,-1,-4,-6,-4,-5,0,-13,-2,-35
14757395258967641292,0,0,0,0,0,0,0,0,0
14757395258967641292,-2,0,14,6,4,0,-2,0,20
14757395258967641292,0,0,0,0,0,0,0,0,0
14757395258967641292,0,0,0,0,0,0,0,0,0
14757395258967641292,-1,-6,-19,-9,-4,3,1,8,-27
14757395258967641292,0,0,0,0,0,0,0,0,0
14757395258967641292,0,0,0,0,0,0,0,0,0
14757395258967641292,0,0,0,0,0,0,0,0,0
14757395258967641292,0,0,0,0,0,0,0,0,0
14757395258967641292,-6,0,-3,-7,-7,-4,0,-6,-33
14757395258967641292,0,0,0,0,0,0,0,0,0
14757395258967641292,-1,0,5,8,14,5,5,0,36
14757395258967641292,0,0,0,0,0,0,0,0,0
14757395258967641292,1,-7,3,-3,-6,-3,-12,-3,-30
14757395258967641292,0,0,0,0,0,0,0,0,0
14757395258967641292,0,0,0,0,0,0,0,0,0
14757395258967641292,-1,0,11,11,7,-4,1,0,25
14757395258967641292,0,0,0,0,0,0,0,0,0
14757395258967641292,0,0,0,0,0,0,0,0,0
14757395258967641292,0,0,0,0,0,0,0,0,0
14757395258967641292,0,0,0,0,0,0,0,0,0
14757395258967641292,1,0,-4,-7,-4,-3,-1,-1,-19
14757395258967641292,0,0,0,0,0,0,0,0,0
14757395258967641292,-1,-4,-28,-5,8,-2,0,0,-32
14757395258967641292,0,0,0,0,0,0,0,0,0
14757395258967641292,-1,-1,-4,-3,-4,3,2,-2,-10
14757395258967641292,0,0,0,0,0,0,0,0,0
14757395258967641292,0,0,0,0,0,0,0,0,0
14757395258967641292,-2,-14,4,2,2,-3,-8,-1,-20
14757395258967641292,0,0,0,0,0,0,0,0,0
14757395258967641292,0,0,0,0,0,0,0,0,0
14757395258967641292,0,0,0,0,0,0,0,0,0
14757395258967641292,-3,-5,-5,6,1,-2,-3,-1,-12
14757395258967641292,-1,-8,-13,1,3,6,0,-5,-17
14757395258967641292,0,0,0,0,0,0,0,0,0
14757395258967641292,0,0,0,0,0,0,0,0,0
14757395258967641292,0,0,0,0,0,0,0,0,0
14757395258967641292,1,-2,0,-4,-4,0,2,2,-5
14757395258967641292,0,0,0,0,0,0,0,0,0
14757395258967641292,0,0,0,0,0,0,0,0,0
14757395258967641292,-3,-1,5,-3,1,0,2,-4,-3
14757395258967641292,0,0,0,0,0,0,0,0,0
14757395258967641292,0,0,0,0,0,0,0,0,0
14757395258967641292,0,0,0,0,0,0,0,0,0
14757395258967641292,0,0,0,0,0,0,0,0,0
14757395258967641292,-3,-4,-19,-1,4,5,13,7,2
14757395258967641292,0,0,0,0,0,0,0,0,0
14757395258967641292,0,0,0,0,0,0,0,0,0
14757395258967641292,0,0,0,0,0,0,0,0,0
14757395258967641292,0,2,-4,-3,-10,-6,-4,-2,-27
14757395258967641292,0,0,0,0,0,0,0,0,0
14757395258967641292,0,0,0,0,0,0,0,0,0
14757395258967641292,-2,3,3,3,1,0,-3,-4,1
14757395258967641292,0,0,0,0,0,0,0,0,0
14757395258967641292,0,0,0,0,0,0,0,0,0
14757395258967641292,0,0,0,0,0,0,0,0,0
14757395258967641292,0,0,0,0,0,0,0,0,0
14757395258967641292,1,5,22,-4,-2,11,0,2,35
14757395258967641292,0,0,0,0,0,0,0,0,0
14757395258967641292,0,0,0,0,0,0,0,0,0
14757395258967641292,0,0,0,0,0,0,0,0,0
14757395258967641292,2,1,-9,-2,-3,0,0,-3,-14
14757395258967641292,0,0,0,0,0,0,0,0,0
14757395258967641292,0,0,0,0,0,0,0,0,0
14757395258967641292,1,0,10,2,-3,-7,-9,-4,-10
14757395258967641292,0,0,0,0,0,0,0,0,0
14757395258967641292,0,0,0,0,0,0,0,0,0
14757395258967641292,0,0,0,0,0,0,0,0,0
14757395258967641292,0,0,0,0,0,0,0,0,0
14757395258967641292,-2,1,-2,0,-1,-2,-1,-3,-10
14757395258967641292,0,0,0,0,0,0,0,0,0
14757395258967641292,0,0,0,0,0,0,0,0,0
14757395258967641292,0,0,0,0,0,0,0,0,0
14757395258967641292,0,0,-1,10,19,10,4,1,43
14757395258967641292,0,0,0,0,0,0,0,0,0
14757395258967641292,0,0,0,0,0,0,0,0,0
14757395258967641292,-3,-7,-13,-8,-14,-10,0,2,-53
14757395258967641292,0,0,0,0,0,0,0,0,0
14757395258967641292,0,0,0,0,0,0,0,0,0
14757395258967641292,0,0,0,0,0,0,0,0,0
14757395258967641292,0,-9,-3,1,2,4,-4,17,8
14757395258967641292,0,4,-1,-1,-1,0,0,-2,-1
14757395258967641292,0,0,0,0,0,0,0,0,0
14757395258967641292,0,0,0,0,0,0,0,0,0
14757395258967641292,0,0,0,0,0,0,0,0,0
14757395258967641292,-2,-1,-2,-6,-9,-2,0,-2,-24
14757395258967641292,0,0,0,0,0,0,0,0,0
14757395258967641292,0,0,0,0,0,0,0,0,0
14757395258967641292,3,8,18,5,9,9,-4,-3,45
14757395258967641292,0,0,0,0,0,0,0,0,0
14757395258967641292,0,0,0,0,0,0,0,0,0
14757395258967641292,0,0,0,0,0,0,0,0,0
14757395258967641292,0,11,1,2,4,3,-8,-4,9
14757395258967641292,-1,-5,-8,-4,-11,-8,-3,-3,-43
14757395258967641292,0,0,0,0,0,0,0,0,0
14757395258967641292,0,0,0,0,0,0,0,0,0
14757395258967641292,0,0,0,0,0,0,0,0,0
14757395258967641292,-4,7,15,-5,-2,-4,-1,-10,-4
14757395258967641292,0,0,0,0,0,0,0,0,0
14757395258967641292,0,0,0,0,0,0,0,0,0
14757395258967641292,-2,-2,13,-1,3,3,2,0,16
14757395258967641292,0,0,0,0,0,0,0,0,0
14757395258967641292,0,0,0,0,0,0,0,0,0
14757395258967641292,0,0,0,0,0,0,0,0,0
14757395258967641292,-3,-14,9,-3,3,1,1,-1,-7
14757395258967641292,1,-4,-13,-10,-9,-4,-4,4,-39
14757395258967641292,0,0,0,0,0,0,0,0,0
14757395258967641292,0,0,0,0,0,0,0,0,0
14757395258967641292,0,0,0,0,0,0,0,0,0
14757395258967641292,-4,-4,3,3,0,0,-7,0,-9
14757395258967641292,0,0,0,0,0,0,0,0,0
14757395258967641292,0,0,0,0,0,0,0,0,0
14757395258967641292,-1,3,-8,-1,-2,-2,2,-3,-12
14757395258967641292,0,-2,-6,-4,-7,-3,0,-8,-30
14757395258967641292,0,0,0,0,0,0,0,0,0
14757395258967641292,0,0,0,0,0,0,0,0,0
14757395258967641292,-1,2,9,-4,-5,-4,0,-2,-5
14757395258967641292,5,5,-1,6,17,13,1,-2,44
14757395258967641292,0,0,0,0,0,0,0,0,0
14757395258967641292,0,0,0,0,0,0,0,0,0
14757395258967641292,0,0,0,0,0,0,0,0,0
14757395258967641292,-2,-1,-11,-3,-13,-12,-1,6,-37
14757395258967641292,0,0,0,0,0,0,0,0,0
14757395258967641292,0,0,0,0,0,0,0,0,0
14757395258967641292,-2,1,11,7,8,1,0,-4,22
14757395258967641292,0,0,0,0,0,0,0,0,0
14757395258967641292,0,0,0,0,0,0,0,0,0
14757395258967641292,0,0,0,0,0,0,0,0,0
14757395258967641292,-3,-2,-6,2,2,-2,-16,-7,-32
14757395258967641292,-2,0,-4,1,-5,-5,0,1,-14
14757395258967641292,0,0,0,0,0,0,0,0,0
14757395258967641292,0,0,0,0,0,0,0,0,0
14757395258967641292,0,0,0,0,0,0,0,0,0
14757395258967641292,-1,2,-6,-1,-7,-8,-3,18,-6
14757395258967641292,0,0,0,0,0,0,0,0,0
14757395258967641292,0,0,0,0,0,0,0,0,0
14757395258967641292,-3,-12,-8,-6,-5,-2,1,-5,-40
14757395258967641292,0,0,0,0,0,0,0,0,0
14757395258967641292,0,0,0,0,0,0,0,0,0
14757395258967641292,0,0,0,0,0,0,0,0,0
14757395258967641292,0,0,0,0,0,0,0,0,0
14757395258967641292,-1,-1,-7,-6,-3,-6,-3,0,-27
14757395258967641292,0,0,0,0,0,0,0,0,0
14757395258967641292,0,0,0,0,0,0,0,0,0
14757395258967641292,0,0,0,0,0,0,0,0,0
14757395258967641292,1,4,2,4,1,-1,1,5,17
14757395258967641292,0,0,0,0,0,0,0,0,0
